state_name,district_name,cattle,buffalo,bovines_total,species_richness,avg_herd_per_record,bov_norm,herd_norm,rich_norm,priority_score,rank,cluster,segment
Gujarat,BANAS KANTHA,1390357,1501537,2891894,8,2891894,0.9999999999999999,0.9999999999999999,0.75,0.9749999999999999,1,0,Segment_1
Rajasthan,Jaipur,691457,1214213,1905670,10,1905670,0.65894463535595,0.65894463535595,1.0,0.693050171820355,2,0,Segment_1
West Bengal,Medinipur West,1758443,37649,1796092,8,1796092,0.621050440176188,0.621050440176188,0.75,0.6339453961585693,3,0,Segment_1
Maharashtra,Ahmednagar,1378303,221355,1599658,10,1599658,0.5531197575944528,0.5531197575944528,1.0,0.5978077818350074,4,0,Segment_1
West Bengal,Bankura,1491831,64427,1556258,9,1556258,0.538111196835891,0.538111196835891,0.875,0.571800077152302,5,0,Segment_1
West Bengal,Bardhaman,1532669,58942,1591611,8,1591611,0.5503369491054171,0.5503369491054171,0.75,0.5703032541948754,6,0,Segment_1
Rajasthan,Bikaner,1194729,208251,1402980,10,1402980,0.4851046950858721,0.4851046950858721,1.0,0.5365942255772849,7,0,Segment_1
Karnataka,Belgaum,549540,844171,1393711,10,1393711,0.48189929532386505,0.48189929532386505,1.0,0.5337093657914785,8,0,Segment_1
Rajasthan,Udaipur,831496,597128,1428624,9,1428624,0.4939728870695716,0.4939728870695716,0.875,0.5320755983626144,9,0,Segment_1
Uttar Pradesh,Budaun,279790,1107170,1386960,10,1386960,0.47956466874135234,0.47956466874135234,1.0,0.531608201867217,10,0,Segment_1
Rajasthan,Jodhpur,1069027,317852,1386879,10,1386879,0.4795366573721947,0.4795366573721947,1.0,0.5315829916349752,11,0,Segment_1
Rajasthan,Alwar,241856,1144753,1386609,10,1386609,0.47944328614166903,0.47944328614166903,1.0,0.5314989575275021,12,0,Segment_1
Uttar Pradesh,Allahabad,560456,817058,1377514,10,1377514,0.47629805895044514,0.47629805895044514,1.0,0.5286682530554005,13,0,Segment_1
Uttar Pradesh,Agra,282788,1066798,1349586,10,1349586,0.46664001552037343,0.46664001552037343,1.0,0.519976013968336,14,0,Segment_1
Uttar Pradesh,Bulandshahr,304321,972027,1276348,10,1276348,0.4413128963306144,0.4413128963306144,1.0,0.49718160669755296,15,0,Segment_1
West Bengal,Murshidabad,1199817,66783,1266600,10,1266600,0.43794184908926737,0.43794184908926737,1.0,0.4941476641803406,16,0,Segment_1
Uttar Pradesh,Kheri,468608,836358,1304966,9,1304966,0.45120955512758487,0.45120955512758487,0.875,0.4935885996148264,17,0,Segment_1
Uttar Pradesh,Hardoi,419996,834750,1254746,10,1254746,0.4338425062498206,0.4338425062498206,1.0,0.4904582556248386,18,0,Segment_1
Uttar Pradesh,Aligarh,311298,942498,1253796,10,1253796,0.4335139778461194,0.4335139778461194,1.0,0.49016258006150737,19,0,Segment_1
Maharashtra,Solapur,745404,496454,1241858,10,1241858,0.4293855861793979,0.4293855861793979,1.0,0.4864470275614581,20,0,Segment_1
Uttar Pradesh,Pratapgarh,604203,596075,1200278,10,1200278,0.41500641667845334,0.41500641667845334,1.0,0.473505775010608,21,0,Segment_1
West Bengal,Birbhum,1185333,94938,1280271,7,1280271,0.4426695457282143,0.4426695457282143,0.625,0.46090259115539284,22,0,Segment_1
Uttar Pradesh,Sitapur,470731,683373,1154104,10,1154104,0.39903855298108404,0.39903855298108404,1.0,0.45913469768297566,23,0,Segment_1
West Bengal,Coochbehar,1226670,6397,1233067,8,1233067,0.4263454880773584,0.4263454880773584,0.75,0.45871093926962253,24,0,Segment_1
Maharashtra,Pune,846745,298148,1144893,10,1144893,0.3958532107426713,0.3958532107426713,1.0,0.45626788966840415,25,0,Segment_1
Rajasthan,Bhilwara,705423,477272,1182695,9,1182695,0.40892587465500196,0.40892587465500196,0.875,0.45553328718950176,26,0,Segment_1
Uttar Pradesh,Jaunpur,536940,584454,1121394,10,1121394,0.387726801312592,0.387726801312592,1.0,0.4489541211813328,27,0,Segment_1
Rajasthan,Nagaur,573991,545342,1119333,10,1119333,0.3870140675862465,0.3870140675862465,1.0,0.4483126608276218,28,0,Segment_1
Maharashtra,Nashik,895050,221234,1116284,10,1116284,0.3859596643200517,0.3859596643200517,1.0,0.44736369788804653,29,0,Segment_1
Bihar,Gaya,830383,320917,1151300,9,1151300,0.3980688754611069,0.3980688754611069,0.875,0.4457619879149962,30,0,Segment_1
Gujarat,DOHAD,656223,524521,1180744,8,1180744,0.40825118105961133,0.40825118105961133,0.75,0.4424260629536502,31,0,Segment_1
Rajasthan,Barmer,905199,222727,1127926,9,1127926,0.38998569345256723,0.38998569345256723,0.875,0.4384871241073105,32,0,Segment_1
Rajasthan,Banswara,657389,361245,1018634,10,1018634,0.3521904026132878,0.3521904026132878,1.0,0.416971362351959,33,0,Segment_1
West Bengal,Medinipur East,1093499,263,1093762,8,1093762,0.3781711204167262,0.3781711204167262,0.75,0.41535400837505354,34,0,Segment_1
Jharkhand,Giridih,973869,112335,1086204,8,1086204,0.3755574176007536,0.3755574176007536,0.75,0.4130016758406782,35,0,Segment_1
Bihar,Madhubani,588709,489306,1078015,8,1078015,0.372725502760849,0.372725502760849,0.75,0.4104529524847641,36,0,Segment_1
West Bengal,Maldah,1038763,38439,1077202,8,1077202,0.3724443516111552,0.3724443516111552,0.75,0.41019991645003967,37,0,Segment_1
West Bengal,24 Paraganas South,1019495,11709,1031204,9,1031204,0.35653735212331367,0.35653735212331367,0.875,0.40838361691098235,38,0,Segment_1
Madhya Pradesh,SAGAR,744975,236093,981068,10,981068,0.33919935207282403,0.33919935207282403,1.0,0.4052794168655416,39,0,Segment_1
Uttar Pradesh,Unnao,324185,656492,980677,10,980677,0.33906413669824803,0.33906413669824803,1.0,0.40515772302842323,40,0,Segment_1
Bihar,Purnia,816498,242665,1059163,8,1059163,0.36620611595392716,0.36620611595392716,0.75,0.4045855043585344,41,0,Segment_1
Andhra Pradesh,Guntur,95927,882347,978274,10,978274,0.3382331327465701,0.3382331327465701,1.0,0.4044098194719131,42,0,Segment_1
Andhra Pradesh,Visakhapatanam,648743,318846,967589,10,967589,0.33453805275336196,0.33453805275336196,1.0,0.40108424747802573,43,0,Segment_1
Rajasthan,Bharatpur,205401,760323,965724,10,965724,0.3338930996239906,0.3338930996239906,1.0,0.4005037896615915,44,0,Segment_1
Gujarat,KACHCHH,574837,466341,1041178,8,1041178,0.3599865545428043,0.3599865545428043,0.75,0.3989878990885239,45,0,Segment_1
Uttar Pradesh,Bijnor,378290,622405,1000695,9,1000695,0.34598674889329156,0.34598674889329156,0.875,0.3988880740039624,46,0,Segment_1
Andhra Pradesh,Chittoor,950026,86680,1036706,8,1036706,0.3584400503098023,0.3584400503098023,0.75,0.3975960452788221,47,0,Segment_1
West Bengal,Dinajpur Uttar,1091590,12384,1103974,6,1103974,0.3817026278468283,0.3817026278468283,0.5,0.39353236506214545,48,0,Segment_1
Uttar Pradesh,Bareilly,234979,707609,942588,10,942588,0.3258922226260624,0.3258922226260624,1.0,0.3933030003634561,49,0,Segment_1
Andhra Pradesh,East Godavari,396021,585246,981267,9,981267,0.3392681701279151,0.3392681701279151,0.875,0.39284135311512364,50,0,Segment_1
Uttar Pradesh,Azamgarh,460458,477563,938021,10,938021,0.32431286555269023,0.32431286555269023,1.0,0.39188157899742126,51,0,Segment_1
Bihar,Supaul,640781,326333,967114,9,967114,0.33437378855151134,0.33437378855151134,0.875,0.38843640969636023,52,0,Segment_1
Bihar,Araria,746965,214461,961426,9,961426,0.33240676796177177,0.33240676796177177,0.875,0.3866660911655946,53,0,Segment_1
Rajasthan,Ajmer,384657,520779,905436,10,905436,0.3130443413057379,0.3130443413057379,1.0,0.38173990717516415,54,0,Segment_1
Madhya Pradesh,DHAR,663537,279509,943046,9,943046,0.32605060789858364,0.32605060789858364,0.875,0.3809455471087253,55,0,Segment_1
Uttar Pradesh,Sambhal,174913,710993,885906,10,885906,0.3062904889643851,0.3062904889643851,1.0,0.37566144006794655,56,0,Segment_1
Madhya Pradesh,REWA,662769,261655,924424,9,924424,0.3196107595472948,0.3196107595472948,0.875,0.3751496835925653,57,0,Segment_1
Andhra Pradesh,Prakasam,68309,926651,994960,7,994960,0.34400347479305304,0.34400347479305304,0.625,0.37210312731374773,58,0,Segment_1
West Bengal,Purulia,915274,77650,992924,7,992924,0.34329938655101544,0.34329938655101544,0.625,0.37146944789591385,59,0,Segment_1
Rajasthan,Sikar,383541,488798,872339,10,872339,0.30159875754015913,0.30159875754015913,1.0,0.37143888178614326,60,0,Segment_1
Andhra Pradesh,Spsr Nellore,107858,745829,853687,10,853687,0.2951485346077008,0.2951485346077008,1.0,0.36563368114693073,61,0,Segment_1
Maharashtra,Kolhapur,283637,568884,852521,10,852521,0.29474530921957903,0.29474530921957903,1.0,0.3652707782976211,62,0,Segment_1
Rajasthan,Chittorgarh,379026,473245,852271,10,852271,0.2946588543764998,0.2946588543764998,1.0,0.3651929689388498,63,0,Segment_1
Uttar Pradesh,Ghazipur,386272,505965,892237,9,892237,0.3084798714105246,0.3084798714105246,0.875,0.36513188426947213,64,0,Segment_1
Rajasthan,Hanumangarh,544264,302203,846467,10,846467,0.2926517187395714,0.2926517187395714,1.0,0.3633865468656142,65,0,Segment_1
Maharashtra,Jalgaon,577302,269105,846407,10,846407,0.29263096957723234,0.29263096957723234,1.0,0.3633678726195091,66,0,Segment_1
Bihar,Bhagalpur,636551,249668,886219,9,886219,0.3063987304279204,0.3063987304279204,0.875,0.36325885738512836,67,0,Segment_1
Tamil Nadu,Villupuram,873822,8942,882764,9,882764,0.3052039244965648,0.3052039244965648,0.875,0.36218353204690834,68,0,Segment_1
Gujarat,KHEDA,265460,616160,881620,9,881620,0.3048083071346341,0.3048083071346341,0.875,0.3618274764211707,69,0,Segment_1
Madhya Pradesh,CHHINDWARA,712157,167074,879231,9,879231,0.3039821446541685,0.3039821446541685,0.875,0.3610839301887517,70,0,Segment_1
Rajasthan,Ganganagar,636702,200125,836827,10,836827,0.28931801999043466,0.28931801999043466,1.0,0.36038621799139114,71,0,Segment_1
Uttar Pradesh,Barabanki,324762,508830,833592,10,833592,0.28819929432098884,0.28819929432098884,1.0,0.35937936488889,72,0,Segment_1
Andhra Pradesh,West Godavari,201102,627909,829011,10,829011,0.28661509577640426,0.28661509577640426,1.0,0.35795358619876383,73,0,Segment_1
West Bengal,Hooghly,912745,35229,947974,7,947974,0.32775480576536226,0.32775480576536226,0.625,0.357479325188826,74,0,Segment_1
Uttar Pradesh,Shahjahanpur,261143,605387,866530,9,866530,0.29958989280636916,0.29958989280636916,0.875,0.3571309035257323,75,0,Segment_1
Uttar Pradesh,Gonda,378420,438171,816591,10,816591,0.282320019172226,0.282320019172226,1.0,0.3540880172550034,76,0,Segment_1
Uttar Pradesh,Rae Bareli,391858,463692,855550,9,855550,0.29579279609832754,0.29579279609832754,0.875,0.3537135164884948,77,0,Segment_1
Uttar Pradesh,Fatehpur,162813,647503,810316,10,810316,0.28015000261093626,0.28015000261093626,1.0,0.35213500234984263,78,0,Segment_1
Uttar Pradesh,Firozabad,164313,645558,809871,10,809871,0.2799961129902552,0.2799961129902552,1.0,0.35199650169122965,79,0,Segment_1
Madhya Pradesh,KHARGONE,612923,274497,887420,8,887420,0.3068140594940732,0.3068140594940732,0.75,0.3511326535446659,80,0,Segment_1
Rajasthan,Jalore,299259,587826,887085,8,887085,0.30669821000434694,0.30669821000434694,0.75,0.35102838900391226,81,0,Segment_1
Uttar Pradesh,Mirzapur,511188,287582,798770,10,798770,0.27615717213816315,0.27615717213816315,1.0,0.34854145492434685,82,0,Segment_1
Madhya Pradesh,MORENA,108548,685578,794126,10,794126,0.2745511869731226,0.2745511869731226,1.0,0.3470960682758103,83,0,Segment_1
West Bengal,Nadia,816780,17157,833937,9,833937,0.28831860200443826,0.28831860200443826,0.875,0.34698674180399447,84,0,Segment_1
Bihar,Banka,719136,112126,831262,9,831262,0.28739353518349003,0.28739353518349003,0.875,0.34615418166514106,85,0,Segment_1
Uttar Pradesh,Mathura,214236,576556,790792,10,790792,0.2733982251858174,0.2733982251858174,1.0,0.34605840266723564,86,0,Segment_1
Uttar Pradesh,Kanpur Dehat,181231,602713,783944,10,783944,0.27103005412418996,0.27103005412418996,1.0,0.34392704871177093,87,0,Segment_1
Madhya Pradesh,SATNA,579909,244153,824062,9,824062,0.28490363570280697,0.28490363570280697,0.875,0.3439132721325263,88,0,Segment_1
Andhra Pradesh,Anantapur,497102,285443,782545,10,782545,0.27054625282231837,0.27054625282231837,1.0,0.34349162754008655,89,0,Segment_1
Madhya Pradesh,SHIVPURI,369906,411008,780914,10,780914,0.2699822214260692,0.2699822214260692,1.0,0.34298399928346224,90,0,Segment_1
Bihar,Katihar,723503,95745,819248,9,819248,0.2832388612444725,0.2832388612444725,0.875,0.3424149751200253,91,0,Segment_1
Bihar,Patna,452997,325831,778828,10,778828,0.26926084221541574,0.26926084221541574,1.0,0.34233475799387414,92,0,Segment_1
Maharashtra,Sangli,324756,493998,818754,9,818754,0.2830680264745479,0.2830680264745479,0.875,0.3422612238270931,93,0,Segment_1
Bihar,Purbi Champaran,403669,372782,776451,10,776451,0.268438829567418,0.268438829567418,1.0,0.34159494661067613,94,0,Segment_1
Gujarat,MAHESANA,323858,488302,812160,9,812160,0.280787693533489,0.280787693533489,0.875,0.3402089241801401,95,0,Segment_1
Rajasthan,Dungarpur,431401,329357,760758,10,760758,0.2630118861576459,0.2630118861576459,1.0,0.3367106975418813,96,0,Segment_1
Uttar Pradesh,Meerut,244585,515704,760289,10,760289,0.2628496968720292,0.2628496968720292,1.0,0.33656472718482633,97,0,Segment_1
Gujarat,SABAR KANTHA,459921,417008,876929,7,876929,0.30318606845909457,0.30318606845909457,0.625,0.3353674616131851,98,0,Segment_1
Jharkhand,Dumka,747624,48090,795714,9,795714,0.27510034813636214,0.27510034813636214,0.875,0.33509031332272593,99,0,Segment_1
Uttar Pradesh,Muzaffarnagar,291224,459747,750971,10,750971,0.2596273519607786,0.2596273519607786,1.0,0.3336646167647007,100,0,Segment_1
Madhya Pradesh,BETUL,573205,173775,746980,10,746980,0.25824718684586107,0.25824718684586107,1.0,0.33242246816127496,101,0,Segment_1
Jharkhand,Godda,684653,96016,780669,9,780669,0.2698974956798515,0.2698974956798515,0.875,0.33040774611186635,102,0,Segment_1
Uttar Pradesh,Saharanpur,266504,471973,738477,10,738477,0.25530668472304885,0.25530668472304885,1.0,0.32977601625074393,103,0,Segment_1
Andhra Pradesh,Kurnool,356122,419855,775977,9,775977,0.26827491118493973,0.26827491118493973,0.875,0.3289474200664458,104,0,Segment_1
Uttar Pradesh,Mainpuri,139639,592912,732551,10,732551,0.25325735912269776,0.25325735912269776,1.0,0.327931623210428,105,0,Segment_1
Uttar Pradesh,Amroha,216649,514547,731196,10,731196,0.2527887738732081,0.2527887738732081,1.0,0.32750989648588724,106,0,Segment_1
Bihar,Jamui,636265,132519,768784,9,768784,0.26578743243986286,0.26578743243986286,0.875,0.3267086891958766,107,0,Segment_1
Uttar Pradesh,Bahraich,343265,424265,767530,9,767530,0.26535377494697726,0.26535377494697726,0.875,0.32631839745227953,108,0,Segment_1
Chhattisgarh,Rajnandgaon,746200,60832,807032,8,807032,0.27901433179224694,0.27901433179224694,0.75,0.32611289861302223,109,0,Segment_1
Bihar,Muzaffarpur,425801,296568,722369,10,722369,0.24973622627376516,0.24973622627376516,1.0,0.32476260364638865,110,0,Segment_1
Jharkhand,Palamu,666463,94442,760905,9,760905,0.2630627216053765,0.2630627216053765,0.875,0.3242564494448389,111,0,Segment_1
Rajasthan,Churu,438583,277343,715926,10,715926,0.24750811205792614,0.24750811205792614,1.0,0.3227573008521335,112,0,Segment_1
Maharashtra,Beed,496368,258440,754808,9,754808,0.26095426089235924,0.26095426089235924,0.875,0.32235883480312333,113,0,Segment_1
Tamil Nadu,Tiruvannamalai,739467,5114,744581,9,744581,0.25741756617167233,0.25741756617167233,0.875,0.31917580955450514,114,0,Segment_1
Madhya Pradesh,CHHATARPUR,303664,397354,701018,10,701018,0.24235263685542296,0.24235263685542296,1.0,0.31811737316988065,115,0,Segment_1
Uttar Pradesh,Sonbhadra,550069,148632,698701,10,698701,0.24155137336976426,0.24155137336976426,1.0,0.3173962360327879,116,0,Segment_1
Maharashtra,Nanded,502428,236386,738814,9,738814,0.25542322585151966,0.25542322585151966,0.875,0.3173809032663677,117,0,Segment_1
Jharkhand,Garhwa,701752,73950,775702,8,775702,0.2681798108575525,0.2681798108575525,0.75,0.3163618297717973,118,0,Segment_1
Gujarat,ANAND,273505,460860,734365,9,734365,0.25388467546408094,0.25388467546408094,0.875,0.31599620791767286,119,0,Segment_1
Rajasthan,Pali,360871,329807,690678,10,690678,0.23877686454566424,0.23877686454566424,1.0,0.3148991780910978,120,0,Segment_1
Gujarat,ARVALLI,425032,384808,809840,7,809840,0.27998539258971333,0.27998539258971333,0.625,0.314486853330742,121,0,Segment_1
Uttar Pradesh,Ballia,434902,249786,684688,10,684688,0.23670540650548488,0.23670540650548488,1.0,0.31303486585493645,122,0,Segment_1
Maharashtra,Yavatmal,596113,88384,684497,10,684497,0.2366393550053723,0.2366393550053723,1.0,0.3129754195048351,123,0,Segment_1
Uttar Pradesh,Etah,90184,593550,683734,10,683734,0.23637549482429437,0.23637549482429437,1.0,0.31273794534186494,124,0,Segment_1
Bihar,Rohtas,347549,335397,682946,10,682946,0.2361029891589085,0.2361029891589085,1.0,0.3124926902430176,125,0,Segment_1
Jharkhand,Ranchi,636402,125153,761555,8,761555,0.2632875041973826,0.2632875041973826,0.75,0.31195875377764437,126,0,Segment_1
Uttar Pradesh,Banda,255495,423768,679263,10,679263,0.23482933641066467,0.23482933641066467,1.0,0.31134640276959824,127,0,Segment_1
Uttar Pradesh,Sultanpur,359706,318785,678491,10,678491,0.23456236385523588,0.23456236385523588,1.0,0.3111061274697123,128,0,Segment_1
Rajasthan,Dausa,151525,526460,677985,10,677985,0.23438737925284342,0.23438737925284342,1.0,0.31094864132755906,129,0,Segment_1
Madhya Pradesh,RAJGARH,271753,483042,754795,8,754795,0.2609497652405191,0.2609497652405191,0.75,0.3098547887164672,130,0,Segment_1
Madhya Pradesh,BALAGHAT,605928,186805,792733,7,792733,0.2740694605874849,0.2740694605874849,0.625,0.3091625145287364,131,0,Segment_1
Uttar Pradesh,Kanpur Nagar,175266,494045,669311,10,669311,0.23138774201736498,0.23138774201736498,1.0,0.3082489678156285,132,0,Segment_1
Uttar Pradesh,Kannauj,234517,430954,665471,10,665471,0.23005979562766735,0.23005979562766735,1.0,0.30705381606490056,133,0,Segment_1
Chhattisgarh,Bilaspur,606719,98293,705012,9,705012,0.24373383942845742,0.24373383942845742,0.875,0.3068604554856117,134,0,Segment_1
Uttar Pradesh,Chandauli,338393,323117,661510,10,661510,0.22869000509391935,0.22869000509391935,1.0,0.30582100458452743,135,0,Segment_1
Uttar Pradesh,Amethi,315654,342664,658318,10,658318,0.22758614965748322,0.22758614965748322,1.0,0.30482753469173485,136,0,Segment_1
Uttar Pradesh,Lalitpur,364514,291743,656257,10,656257,0.2268734159311377,0.2268734159311377,1.0,0.3041860743380239,137,0,Segment_1
Gujarat,PANCH MAHALS,335220,434464,769684,7,769684,0.26609866987494823,0.26609866987494823,0.625,0.3019888028874534,138,1,Segment_3
Bihar,Samastipur,529775,193457,723232,8,723232,0.2500346683920748,0.2500346683920748,0.75,0.30003120155286733,139,0,Segment_1
Assam,Nagaon,626451,16304,642755,10,642755,0.22220416276611232,0.22220416276611232,1.0,0.2999837464895011,140,0,Segment_1
Assam,Golaghat,611453,30549,642002,10,642002,0.22194376077875758,0.22194376077875758,1.0,0.29974938470088186,141,0,Segment_1
Madhya Pradesh,GUNA,374738,300904,675642,9,675642,0.23357712446350448,0.23357712446350448,0.875,0.297719412017154,142,0,Segment_1
Maharashtra,Aurangabad,538572,94430,633002,10,633002,0.21883138642790376,0.21883138642790376,1.0,0.29694824778511336,143,0,Segment_1
Bihar,Madhepura,472771,240327,713098,8,713098,0.2465301348730134,0.2465301348730134,0.75,0.2968771213857121,144,0,Segment_1
Andhra Pradesh,Krishna,78846,669773,748619,7,748619,0.2588139847970888,0.2588139847970888,0.625,0.2954325863173799,145,1,Segment_3
Jharkhand,Deoghar,692698,54383,747081,7,747081,0.2582821146024651,0.2582821146024651,0.625,0.2949539031422186,146,1,Segment_3
Madhya Pradesh,TIKAMGARH,307206,316146,623352,10,623352,0.21549422948504385,0.21549422948504385,1.0,0.2939448065365394,147,0,Segment_1
Bihar,Aurangabad,466108,196443,662551,9,662551,0.22905000306050144,0.22905000306050144,0.875,0.2936450027544513,148,0,Segment_1
Bihar,Darbhanga,331723,328915,660638,9,660638,0.22838845060125887,0.22838845060125887,0.875,0.293049605541133,149,0,Segment_1
Bihar,Saran,423418,194841,618259,10,618259,0.2137329714218329,0.2137329714218329,1.0,0.2923596742796496,150,0,Segment_1
Madhya Pradesh,UJJAIN,265521,352004,617525,10,617525,0.21347914000255216,0.21347914000255216,1.0,0.29213122600229696,151,0,Segment_1
Rajasthan,Jhunjhunu,269096,347110,616206,10,616206,0.2130230042504659,0.2130230042504659,1.0,0.29172070382541937,152,0,Segment_1
Bihar,Kishanganj,587175,60930,648105,9,648105,0.22405429640800878,0.22405429640800878,0.875,0.2891488667672079,153,0,Segment_1
Uttar Pradesh,Kasganj,79666,527709,607375,10,607375,0.20996907337353368,0.20996907337353368,1.0,0.2889721660361803,154,0,Segment_1
Uttar Pradesh,Ambedkar Nagar,262839,343283,606122,10,606122,0.20953576170002036,0.20953576170002036,1.0,0.28858218553001835,155,0,Segment_1
Madhya Pradesh,SEHORE,368540,275960,644500,9,644500,0.22280761757080567,0.22280761757080567,0.875,0.2880268558137251,156,0,Segment_1
Bihar,Pashchim Champaran,411203,272643,683846,8,683846,0.2364142265939939,0.2364142265939939,0.75,0.2877728039345945,157,0,Segment_1
Odisha,Mayurbhanj,673442,8569,682011,8,682011,0.23577964804579202,0.23577964804579202,0.75,0.2872016832412128,158,0,Segment_1
Tamil Nadu,Salem,633437,48411,681848,8,681848,0.23572327948810434,0.23572327948810434,0.75,0.28715095153929393,159,0,Segment_1
Maharashtra,Satara,352436,326896,679332,8,679332,0.23485319794735454,0.23485319794735454,0.75,0.2863678781526191,160,0,Segment_1
Punjab,Ludhiana,227300,371622,598922,10,598922,0.20704586221933732,0.20704586221933732,1.0,0.28634127599740355,161,0,Segment_1
Madhya Pradesh,DEWAS,387133,249338,636471,9,636471,0.22003103383047173,0.22003103383047173,0.875,0.2855279304474246,162,0,Segment_1
Gujarat,SURENDRANAGAR,325680,350911,676591,8,676591,0.23390530704783338,0.23390530704783338,0.75,0.28551477634305,163,0,Segment_1
Bihar,Saharsa,429494,206350,635844,9,635844,0.21981420508402894,0.21981420508402894,0.875,0.28533278457562605,164,0,Segment_1
Maharashtra,Buldhana,461529,134148,595677,10,595677,0.20592367835616837,0.20592367835616837,1.0,0.2853313105205515,165,0,Segment_1
Haryana,HISAR,169527,425846,595373,10,595373,0.20581854926698398,0.20581854926698398,1.0,0.2852366943402856,166,0,Segment_1
Rajasthan,Jhalawar,250823,344217,595040,10,595040,0.20570339141600238,0.20570339141600238,1.0,0.2851330522744021,167,0,Segment_1
Maharashtra,Amravati,464967,129627,594594,10,594594,0.20554915597594897,0.20554915597594897,1.0,0.2849942403783541,168,0,Segment_1
Gujarat,Mahisagar,308108,406003,714111,7,714111,0.24688044989717062,0.24688044989717062,0.625,0.2846924049074535,169,1,Segment_3
Madhya Pradesh,SINGRAULI,549102,81239,630341,9,630341,0.217911161078168,0.217911161078168,0.875,0.2836200449703512,170,0,Segment_1
Uttar Pradesh,Faizabad,274526,348161,622687,9,622687,0.21526425960245296,0.21526425960245296,0.875,0.28123783364220767,171,2,Segment_2
Madhya Pradesh,DAMOH,480106,137718,617824,9,617824,0.21358253999487498,0.21358253999487498,0.875,0.27972428599538746,172,2,Segment_2
Karnataka,Tumkur,431251,142047,573298,10,573298,0.19818458662308422,0.19818458662308422,1.0,0.27836612796077576,173,2,Segment_2
West Bengal,Jalpaiguri,727592,5381,732973,6,732973,0.25340329489781555,0.25340329489781555,0.5,0.278062965408034,174,1,Segment_3
West Bengal,24 Paraganas North,697601,34443,732044,6,732044,0.253082028700933,0.253082028700933,0.5,0.2777738258308397,175,1,Segment_3
Rajasthan,Tonk,171736,437452,609188,9,609188,0.21059604389554457,0.21059604389554457,0.875,0.2770364395059901,176,2,Segment_2
Jharkhand,Gumla,558248,90480,648728,8,648728,0.2242697418769623,0.2242697418769623,0.75,0.2768427676892661,177,2,Segment_2
Gujarat,RAJKOT,377285,269056,646341,8,646341,0.22344427103524142,0.22344427103524142,0.75,0.27609984393171727,178,2,Segment_2
Rajasthan,Baran,298103,266017,564120,10,564120,0.19501065642395796,0.19501065642395796,1.0,0.2755095907815621,179,2,Segment_2
Punjab,Sangrur,160487,402475,562962,10,562962,0.19461019759081477,0.19461019759081477,1.0,0.2751491778317333,180,2,Segment_2
Uttar Pradesh,Jalaun,204198,357697,561895,10,561895,0.19424120832055244,0.19424120832055244,1.0,0.2748170874884972,181,2,Segment_2
Bihar,Sitamarhi,179185,381261,560446,10,560446,0.19374011605006497,0.19374011605006497,1.0,0.2743661044450585,182,2,Segment_2
Karnataka,Shimoga,518653,120563,639216,8,639216,0.22098030800748214,0.22098030800748214,0.75,0.2738822772067339,183,2,Segment_2
Uttar Pradesh,Farrukhabad,114665,443701,558366,10,558366,0.19302081175564542,0.19302081175564542,1.0,0.2737187305800809,184,2,Segment_2
Gujarat,AHMADABAD,211977,381499,593476,9,593476,0.20516252991769846,0.20516252991769846,0.875,0.27214627692592863,185,2,Segment_2
Rajasthan,Karauli,73155,518622,591777,9,591777,0.20457498280413172,0.20457498280413172,0.875,0.27161748452371853,186,2,Segment_2
Maharashtra,Osmanabad,362422,188446,550868,10,550868,0.19042785810201188,0.19042785810201188,1.0,0.27138507229181064,187,2,Segment_2
Uttar Pradesh,Varanasi,306849,243685,550534,10,550534,0.19031235443165798,0.19031235443165798,1.0,0.27128111898849216,188,2,Segment_2
Madhya Pradesh,BHIND,126126,424230,550356,10,550356,0.19025079858338553,0.19025079858338553,1.0,0.27122571872504697,189,2,Segment_2
Madhya Pradesh,SIDHI,520013,110308,630321,8,630321,0.21790424469072164,0.21790424469072164,0.75,0.2711138202216495,190,2,Segment_2
Andhra Pradesh,Vizianagaram,490989,135858,626847,8,626847,0.21670286819129206,0.21670286819129206,0.75,0.27003258137216285,191,2,Segment_2
Uttar Pradesh,Moradabad,176934,408720,585654,9,585654,0.20245753078743417,0.20245753078743417,0.875,0.26971177770869076,192,2,Segment_2
Bihar,Begusarai,456975,86408,543383,10,543383,0.18783940010021846,0.18783940010021846,1.0,0.26905546009019665,193,2,Segment_2
Andhra Pradesh,Y.S.R.,137099,486581,623680,8,623680,0.21560765823916384,0.21560765823916384,0.75,0.2690468924152475,194,2,Segment_2
Uttar Pradesh,Hathras,124447,417778,542225,10,542225,0.18743894126707528,0.18743894126707528,1.0,0.26869504714036774,195,2,Segment_2
Rajasthan,Pratapgarh,375802,206072,581874,9,581874,0.20115033356007558,0.20115033356007558,0.875,0.268535300204068,196,2,Segment_2
Uttar Pradesh,Kaushambi,176495,364403,540898,10,540898,0.1869800389600105,0.1869800389600105,1.0,0.26828203506400944,197,2,Segment_2
Uttar Pradesh,Gorakhpur,287431,253190,540621,10,540621,0.18688424699387865,0.18688424699387865,1.0,0.2681958222944908,198,2,Segment_2
Jharkhand,Hazaribagh,548412,70492,618904,8,618904,0.21395602491697743,0.21395602491697743,0.75,0.26756042242527966,199,2,Segment_2
Bihar,Bhojpur,275739,260590,536329,10,536329,0.18539999024789372,0.18539999024789372,1.0,0.26685999122310433,200,2,Segment_2
Karnataka,Hassan,548185,107971,656156,7,656156,0.22683848817453367,0.22683848817453367,0.625,0.2666546393570803,201,1,Segment_3
Uttar Pradesh,Jhansi,226789,306551,533340,10,533340,0.1843663361440379,0.1843663361440379,1.0,0.2659297025296341,202,2,Segment_2
Bihar,Siwan,357680,175200,532880,10,532880,0.18420725923277206,0.18420725923277206,1.0,0.26578653330949487,203,2,Segment_2
Jharkhand,Chatra,510637,102000,612637,8,612637,0.21178877491066622,0.21178877491066622,0.75,0.2656098974195996,204,2,Segment_2
Odisha,Cuttack,548770,14827,563597,9,563597,0.19482979289223612,0.19482979289223612,0.875,0.2628468136030125,205,2,Segment_2
Madhya Pradesh,PANNA,365515,197897,563412,9,563412,0.19476581630835746,0.19476581630835746,0.875,0.2627892346775217,206,2,Segment_2
Assam,Lakhimpur,629028,11666,640694,7,640694,0.22149142903976682,0.22149142903976682,0.625,0.26184228613579014,207,1,Segment_3
Uttar Pradesh,Chitrakoot,267740,251688,519428,10,519428,0.17955529703636255,0.17955529703636255,1.0,0.2615997673327263,208,2,Segment_2
Madhya Pradesh,SEONI,445612,113909,559521,9,559521,0.19342023313067166,0.19342023313067166,0.875,0.2615782098176045,209,2,Segment_2
Tamil Nadu,Vellore,582221,16130,598351,8,598351,0.20684839935774427,0.20684839935774427,0.75,0.26116355942196984,210,2,Segment_2
Maharashtra,Latur,257508,257187,514695,10,514695,0.1779185339471858,0.1779185339471858,1.0,0.26012668055246724,211,2,Segment_2
Madhya Pradesh,RAISEN,454429,138604,593033,8,593033,0.20500933193576198,0.20500933193576198,0.75,0.2595083987421858,212,2,Segment_2
Haryana,JIND,116624,393606,510230,10,510230,0.17637445044978997,0.17637445044978997,1.0,0.258737005404811,213,2,Segment_2
Assam,Kamrup,499937,7076,507013,10,507013,0.1752619495290459,0.1752619495290459,1.0,0.2577357545761413,214,2,Segment_2
Assam,Barpeta,482515,20629,503144,10,503144,0.17392397437755108,0.17392397437755108,1.0,0.256531576939796,215,2,Segment_2
Odisha,Baleshwar,622128,1342,623470,7,623470,0.21553503617097725,0.21553503617097725,0.625,0.2564815325538795,216,1,Segment_3
Uttar Pradesh,Lucknow,214346,286650,500996,10,500996,0.17318115436581397,0.17318115436581397,1.0,0.25586303892923257,217,2,Segment_2
Andhra Pradesh,Srikakulam,571943,48481,620424,7,620424,0.2144816703628994,0.2144816703628994,0.625,0.25553350332660946,218,1,Segment_3
Uttar Pradesh,Etawah,104777,383819,488596,10,488596,0.16889299414908204,0.16889299414908204,1.0,0.25200369473417383,219,2,Segment_2
Madhya Pradesh,MANDLA,486200,82098,568298,8,568298,0.19645548976149876,0.19645548976149876,0.75,0.2518099407853489,220,2,Segment_2
Haryana,SIRSA,235362,250695,486057,10,486057,0.16801495876276895,0.16801495876276895,1.0,0.25121346288649204,221,2,Segment_2
Gujarat,PATAN,173660,432837,606497,7,606497,0.2096654439646393,0.2096654439646393,0.625,0.25119889956817537,222,1,Segment_3
Madhya Pradesh,BARWANI,420132,144617,564749,8,564749,0.19522817680914542,0.19522817680914542,0.75,0.2507053591282309,223,2,Segment_2
Gujarat,SURAT,271863,251048,522911,9,522911,0.180759785910143,0.180759785910143,0.875,0.2501838073191287,224,2,Segment_2
Assam,Sonitpur,513984,7162,521146,9,521146,0.18014941471800333,0.18014941471800333,0.875,0.24963447324620303,225,2,Segment_2
Madhya Pradesh,SHAHDOL,524536,115837,640373,6,640373,0.22138042102125302,0.22138042102125302,0.5,0.2492423789191277,226,1,Segment_3
Rajasthan,Bundi,193509,325032,518541,9,518541,0.1792485552531173,0.1792485552531173,0.875,0.2488236997278056,227,2,Segment_2
Karnataka,Mysore,492598,21682,514280,9,514280,0.1777750189076742,0.1777750189076742,0.875,0.2474975170169068,228,2,Segment_2
Madhya Pradesh,RATLAM,319748,193437,513185,9,513185,0.17739634669498697,0.17739634669498697,0.875,0.24715671202548828,229,2,Segment_2
Odisha,Kendujhar,626833,5707,632540,6,632540,0.21867161787789327,0.21867161787789327,0.5,0.24680445609010393,230,1,Segment_3
Chhattisgarh,Janjgir-Champa,514307,35802,550109,8,550109,0.19016538119842322,0.19016538119842322,0.75,0.2461488430785809,231,2,Segment_2
Uttar Pradesh,Basti,125703,343799,469502,10,469502,0.16228991905405954,0.16228991905405954,1.0,0.2460609271486536,232,2,Segment_2
Maharashtra,Jalna,421975,82073,504048,9,504048,0.17423659509012573,0.17423659509012573,0.875,0.24431293558111317,233,2,Segment_2
Madhya Pradesh,EAST NIMAR,373827,170331,544158,8,544158,0.1881074101137642,0.1881074101137642,0.75,0.2442966691023878,234,2,Segment_2
Assam,DHEMAJI,526980,16654,543634,8,543634,0.18792620076267005,0.18792620076267005,0.75,0.24413358068640306,235,2,Segment_2
Uttar Pradesh,Baghpat,145930,316815,462745,10,462745,0.15995321755531294,0.15995321755531294,1.0,0.24395789579978167,236,2,Segment_2
Madhya Pradesh,SHEOPUR,264113,198624,462737,10,462737,0.15995045100033442,0.15995045100033442,1.0,0.243955405900301,237,2,Segment_2
Uttar Pradesh,Rampur,106096,353580,459676,10,459676,0.1588918979016718,0.1588918979016718,1.0,0.24300270811150462,238,2,Segment_2
Karnataka,Gulbarga,385580,73176,458756,10,458756,0.15857374407914007,0.15857374407914007,1.0,0.24271636967122606,239,2,Segment_2
Punjab,Amritsar,191120,267563,458683,10,458683,0.15854849926496092,0.15854849926496092,1.0,0.24269364933846485,240,2,Segment_2
Bihar,Nawada,404339,133116,537455,8,537455,0.18578938286112276,0.18578938286112276,0.75,0.2422104445750105,241,2,Segment_2
Rajasthan,Kota,216343,240628,456971,10,456971,0.15795645649955406,0.15795645649955406,1.0,0.24216081084959865,242,2,Segment_2
Assam,DARRANG,457426,37070,494496,9,494496,0.17093332844575287,0.17093332844575287,0.875,0.24133999560117758,243,2,Segment_2
Uttar Pradesh,Auraiya,113174,376898,490072,9,490072,0.16940342354262208,0.16940342354262208,0.875,0.23996308118835985,244,2,Segment_2
Bihar,Kaimur (Bhabua),244393,242604,486997,9,486997,0.16834002897274702,0.16834002897274702,0.875,0.23900602607547233,245,2,Segment_2
Madhya Pradesh,JHABUA,430840,132650,563490,7,563490,0.1947927902193982,0.1947927902193982,0.625,0.23781351119745836,246,1,Segment_3
West Bengal,Alipurduar,520443,2209,522652,8,522652,0.18067021869271285,0.18067021869271285,0.75,0.23760319682344158,247,2,Segment_2
Rajasthan,Dholpur,68757,371410,440167,10,440167,0.1521453077671377,0.1521453077671377,1.0,0.23693077699042392,248,2,Segment_2
Madhya Pradesh,KATNI,381404,97825,479229,9,479229,0.16565370408858787,0.16565370408858787,0.875,0.2365883336797291,249,2,Segment_2
Rajasthan,Rajsamand,244731,234272,479003,9,479003,0.1655755489104442,0.1655755489104442,0.875,0.23651799401939982,250,2,Segment_2
Uttar Pradesh,Deoria,287843,190894,478737,9,478737,0.16548356095740785,0.16548356095740785,0.875,0.23643520486166708,251,2,Segment_2
Gujarat,BHAVNAGAR,226407,291930,518337,8,518337,0.17917800810116463,0.17917800810116463,0.75,0.23626020729104819,252,2,Segment_2
Madhya Pradesh,Mandsaur,263951,254333,518284,8,518284,0.1791596796744318,0.1791596796744318,0.75,0.23624371170698863,253,2,Segment_2
Chhattisgarh,Balrampur,461363,56111,517474,8,517474,0.17887956598285498,0.17887956598285498,0.75,0.2359916093845695,254,2,Segment_2
Madhya Pradesh,VIDISHA,314682,161822,476504,9,476504,0.1647113462990238,0.1647113462990238,0.875,0.2357402116691214,255,2,Segment_2
Telangana,Nalgonda,203456,309135,512591,8,512591,0.17719092998783062,0.17719092998783062,0.75,0.23447183698904756,256,2,Segment_2
West Bengal,Jhargram,563491,29015,592506,6,592506,0.20482708512655087,0.20482708512655087,0.5,0.2343443766138958,257,1,Segment_3
Madhya Pradesh,DINDORI,448069,62845,510914,8,510914,0.17661099090045487,0.17661099090045487,0.75,0.2339498918104094,258,2,Segment_2
Tamil Nadu,Kanchipuram,428458,41940,470398,9,470398,0.16259977321165564,0.16259977321165564,0.875,0.2338397958904901,259,2,Segment_2
Himachal Pradesh,Kangra,295959,133697,429656,10,429656,0.14851040034471275,0.14851040034471275,1.0,0.23365936031024145,260,2,Segment_2
Tamil Nadu,Erode,340426,87416,427842,10,427842,0.14788308400332956,0.14788308400332956,1.0,0.2330947756029966,261,2,Segment_2
Uttar Pradesh,Balrampur,197746,226303,424049,10,424049,0.14657139112413084,0.14657139112413084,1.0,0.23191425201171775,262,2,Segment_2
Maharashtra,Chandrapur,395914,64038,459952,9,459952,0.15898734404843132,0.15898734404843132,0.875,0.23058860964358818,263,2,Segment_2
Jharkhand,Pakur,387417,70215,457632,9,457632,0.15818504310465567,0.15818504310465567,0.875,0.2298665387941901,264,2,Segment_2
Karnataka,Bagalkot,222823,234340,457163,9,457163,0.15802285381903897,0.15802285381903897,0.875,0.22972056843713506,265,2,Segment_2
Madhya Pradesh,GWALIOR,146644,269483,416127,10,416127,0.14383181005663484,0.14383181005663484,1.0,0.22944862905097135,266,2,Segment_2
West Bengal,Dinajpur Dakshin,532056,1920,533976,7,533976,0.1845862772648316,0.1845862772648316,0.625,0.22862764953834844,267,1,Segment_3
Gujarat,CHHOTAUDEPUR,324217,209696,533913,7,533913,0.1845644906443756,0.1845644906443756,0.625,0.22860804157993803,268,1,Segment_3
Gujarat,VADODARA,152980,340490,493470,8,493470,0.17057851776975555,0.17057851776975555,0.75,0.22852066599278,269,2,Segment_2
Madhya Pradesh,INDORE,239874,173194,413068,10,413068,0.14277394859671685,0.14277394859671685,1.0,0.22849655373704517,270,2,Segment_2
Odisha,Ganjam,445913,46775,492688,8,492688,0.17030808702060357,0.17030808702060357,0.75,0.22827727831854322,271,2,Segment_2
Chhattisgarh,Baloda Bazar,514511,57111,571622,6,571622,0.19760499335508078,0.19760499335508078,0.5,0.22784449401957269,272,1,Segment_3
Maharashtra,Nagpur,418548,72482,491030,8,491030,0.16973471850130184,0.16973471850130184,0.75,0.22776124665117164,273,2,Segment_2
Bihar,Nalanda,210772,279860,490632,8,490632,0.16959708239111965,0.16959708239111965,0.75,0.2276373741520077,274,2,Segment_2
Telangana,Rangareddi,240826,167018,407844,10,407844,0.1409673881957324,0.1409673881957324,1.0,0.22687064937615917,275,2,Segment_2
Assam,Cachar,354843,50447,405290,10,405290,0.14008416551883454,0.14008416551883454,1.0,0.2260757489669511,276,2,Segment_2
Madhya Pradesh,DATIA,114229,290054,404283,10,404283,0.13973592541091123,0.13973592541091123,1.0,0.22576233286982011,277,2,Segment_2
Madhya Pradesh,HOSHANGABAD,330352,112350,442702,9,442702,0.1530219598759615,0.1530219598759615,0.875,0.22521976388836534,278,2,Segment_2
Telangana,Khammam,141117,375097,516214,7,516214,0.17844383357373544,0.17844383357373544,0.625,0.2230994502163619,279,1,Segment_3
Bihar,Vaishali,272893,160662,433555,9,433555,0.1498587500773771,0.1498587500773771,0.875,0.22237287506963938,280,2,Segment_2
Assam,Tinsukia,382530,9747,392277,10,392277,0.13558401802687226,0.13558401802687226,1.0,0.22202561622418504,281,2,Segment_2
Jharkhand,East Singhbum,412587,58544,471131,8,471131,0.16285325881156407,0.16285325881156407,0.75,0.22156793293040766,282,2,Segment_2
Punjab,Bathinda,155456,234702,390158,10,390158,0.13485122677693234,0.13485122677693234,1.0,0.22136610409923912,283,2,Segment_2
Gujarat,GANDHINAGAR,184736,322574,507310,7,507310,0.17536465788262406,0.17536465788262406,0.625,0.22032819209436166,284,1,Segment_3
Odisha,Koraput,443778,61019,504797,7,504797,0.17449561379999123,0.17449561379999123,0.625,0.2195460524199921,285,1,Segment_3
Himachal Pradesh,Mandi,359296,63856,423152,9,423152,0.1462611911471624,0.1462611911471624,0.875,0.2191350720324462,286,2,Segment_2
Haryana,BHIWANI,105374,277555,382929,10,382929,0.1323512985344521,0.1323512985344521,1.0,0.2191161686810069,287,2,Segment_2
Jharkhand,West Singhbhum,471002,31269,502271,7,502271,0.17362207406551824,0.17362207406551824,0.625,0.2187598666589664,288,1,Segment_3
Uttar Pradesh,Hamirpur,141151,238510,379661,10,379661,0.13122116082571983,0.13122116082571983,1.0,0.21809904474314784,289,2,Segment_2
Rajasthan,Sirohi,205103,211005,416108,9,416108,0.14382523948856082,0.14382523948856082,0.875,0.21694271553970473,290,2,Segment_2
Telangana,BHADRADRI KOTHAGUDEM,283630,172284,455914,8,455914,0.15759092542301492,0.15759092542301492,0.75,0.21683183288071342,291,2,Segment_2
Bihar,Buxar,203086,171747,374833,10,374833,0.12955154489617293,0.12955154489617293,1.0,0.21659639040655565,292,2,Segment_2
Haryana,KAITHAL,91943,281887,373830,10,373830,0.1292046880657389,0.1292046880657389,1.0,0.216284219259165,293,2,Segment_2
Assam,Jorhat,432395,21097,453492,8,453492,0.15675335090326292,0.15675335090326292,0.75,0.21607801581293662,294,2,Segment_2
Maharashtra,Dhule,354544,97659,452203,8,452203,0.15630758973234618,0.15630758973234618,0.75,0.21567683075911157,295,2,Segment_2
Rajasthan,Jaisalmer,407048,4638,411686,9,411686,0.14229602622417464,0.14229602622417464,0.875,0.2155664236017572,296,2,Segment_2
Uttar Pradesh,Shamli,117891,253286,371177,10,371177,0.12828722927098166,0.12828722927098166,1.0,0.2154585063438835,297,2,Segment_2
Karnataka,Bellary,283699,127407,411106,9,411106,0.14209545098823073,0.14209545098823073,0.875,0.21538590588940765,298,2,Segment_2
Uttar Pradesh,Mau,173304,192711,366015,10,366015,0.12650210967108083,0.12650210967108083,1.0,0.21385189870397275,299,2,Segment_2
Tamil Nadu,Krishnagiri,395757,9843,405600,9,405600,0.14019136952425285,0.14019136952425285,0.875,0.21367223257182755,300,2,Segment_2
Maharashtra,Gadchiroli,459471,66259,525730,6,525730,0.18173465072070488,0.18173465072070488,0.5,0.2135611856486344,301,1,Segment_3
Telangana,Adilabad,311163,48649,359812,10,359812,0.1243569921045979,0.1243569921045979,1.0,0.2119212928941381,302,2,Segment_2
Punjab,Patiala,124148,275744,399892,9,399892,0.1382174325470669,0.1382174325470669,0.875,0.2118956892923602,303,2,Segment_2
Karnataka,Mandya,369986,109443,479429,7,479429,0.16572286796305127,0.16572286796305127,0.625,0.21165058116674615,304,1,Segment_3
Maharashtra,Parbhani,299861,98495,398356,9,398356,0.13768625399118783,0.13768625399118783,0.875,0.21141762859206908,305,2,Segment_2
Madhya Pradesh,JABALPUR,294821,101598,396419,9,396419,0.13701640186700964,0.13701640186700964,0.875,0.21081476168030866,306,2,Segment_2
Haryana,KARNAL,155195,200645,355840,10,355840,0.12298339755775442,0.12298339755775442,1.0,0.21068505780197896,307,2,Segment_2
Madhya Pradesh,ALIRAJPUR,362015,73417,435432,8,435432,0.15050785303921627,0.15050785303921627,0.75,0.21045706773529466,308,2,Segment_2
Uttarakhand,Haridwar,179395,214480,393875,9,393875,0.13613663738383497,0.13613663738383497,0.875,0.21002297364545147,309,2,Segment_2
Chhattisgarh,Bemetara,417937,54713,472650,7,472650,0.16337855843811372,0.16337855843811372,0.625,0.20954070259430235,310,1,Segment_3
Punjab,Gurdaspur,181922,208957,390879,9,390879,0.13510056254437294,0.13510056254437294,0.875,0.20909050628993564,311,2,Segment_2
Jharkhand,Simdega,403412,26600,430012,8,430012,0.14863351204125763,0.14863351204125763,0.75,0.20877016083713187,312,2,Segment_2
Jharkhand,Bokaro,400941,28525,429466,8,429466,0.1484446946639725,0.1484446946639725,0.75,0.20860022519757526,313,2,Segment_2
Assam,Udalguri,383132,2717,385849,9,385849,0.133361091101618,0.133361091101618,0.875,0.2075249819914562,314,2,Segment_2
Punjab,Tarn Taran,106421,237717,344138,10,344138,0.11893661926289983,0.11893661926289983,1.0,0.20704295733660985,315,2,Segment_2
Haryana,FATEHABAD,108800,233890,342690,10,342690,0.11843587281178469,0.11843587281178469,1.0,0.20659228553060624,316,2,Segment_2
Assam,Kokrajhar,333591,7833,341424,10,341424,0.11799806548643126,0.11799806548643126,1.0,0.20619825893778812,317,2,Segment_2
Bihar,Gopalganj,247247,94141,341388,10,341388,0.11798561598902783,0.11798561598902783,1.0,0.20618705439012505,318,2,Segment_2
Madhya Pradesh,ASHOKNAGAR,234315,146970,381285,9,381285,0.1317827714863628,0.1317827714863628,0.875,0.20610449433772654,319,2,Segment_2
Karnataka,Davangere,297377,123596,420973,8,420973,0.14550765073488348,0.14550765073488348,0.75,0.20595688566139514,320,2,Segment_2
Rajasthan,Sawai Madhopur,77627,301792,379419,9,379419,0.1311374725376191,0.1311374725376191,0.875,0.2055237252838572,321,2,Segment_2
Karnataka,Chitradurga,225603,113304,338907,10,338907,0.11712763812630914,0.11712763812630914,1.0,0.20541487431367822,322,2,Segment_2
Uttar Pradesh,Kushi Nagar,165224,170194,335418,10,335418,0.11592107433629481,0.11592107433629481,1.0,0.20432896690266533,323,2,Segment_2
Assam,Biswanath,362264,13108,375372,9,375372,0.12973794153785184,0.12973794153785184,0.875,0.20426414738406667,324,2,Segment_2
Odisha,Bhadrak,452147,3489,455636,7,455636,0.15749478763751076,0.15749478763751076,0.625,0.2042453088737597,325,1,Segment_3
Chhattisgarh,Korea,380862,71564,452426,7,452426,0.1563847074523729,0.1563847074523729,0.625,0.2032462367071356,326,1,Segment_3
Chhattisgarh,Surajpur,378668,73695,452363,7,452363,0.1563629208319169,0.1563629208319169,0.625,0.2032266287487252,327,1,Segment_3
Jharkhand,Jamtara,431586,20420,452006,7,452006,0.15623946331599972,0.15623946331599972,0.625,0.20311551698439975,328,1,Segment_3
Karnataka,Uttar Kannad,336312,73993,410305,8,410305,0.14181844967100474,0.14181844967100474,0.75,0.20263660470390427,329,2,Segment_2
Madhya Pradesh,NEEMUCH,237347,169746,407093,8,407093,0.14070767784712226,0.14070767784712226,0.75,0.20163691006241005,330,2,Segment_2
Chhattisgarh,Raipur,343625,62579,406204,8,406204,0.14040024442513235,0.14040024442513235,0.75,0.20136021998261913,331,2,Segment_2
Madhya Pradesh,ANUPPUR,380613,63566,444179,7,444179,0.15353273508887386,0.15353273508887386,0.625,0.20067946157998645,332,1,Segment_3
Odisha,Jajapur,478510,3895,482405,6,482405,0.16675202641506695,0.16675202641506695,0.5,0.20007682377356023,333,1,Segment_3
Tamil Nadu,Cuddalore,353663,6031,359694,9,359694,0.12431618541866449,0.12431618541866449,0.875,0.19938456687679806,334,2,Segment_2
Telangana,SANGAREDDY,153829,165273,319102,10,319102,0.11027868545756916,0.11027868545756916,1.0,0.19925081691181223,335,2,Segment_2
Chhattisgarh,Durg,307693,51122,358815,9,358815,0.12401221019039776,0.12401221019039776,0.875,0.199110989171358,336,2,Segment_2
Odisha,Sundargarh,459733,17094,476827,6,476827,0.16482304595628222,0.16482304595628222,0.5,0.198340741360654,337,1,Segment_3
Uttar Pradesh,Gautam Buddha Nagar,90867,264982,355849,9,355849,0.12298650993210528,0.12298650993210528,0.875,0.19818785893889473,338,2,Segment_2
Tamil Nadu,Thanjavur,350527,3749,354276,9,354276,0.12244253605945049,0.12244253605945049,0.875,0.19769828245350546,339,2,Segment_2
Uttar Pradesh,Ghaziabad,100200,213720,313920,10,313920,0.108486649470222,0.108486649470222,1.0,0.1976379845231998,340,2,Segment_2
Jammu And Kashmir,Jammu,187043,122905,309948,10,309948,0.10711305492337853,0.10711305492337853,1.0,0.1964017494310407,341,2,Segment_2
Telangana,Mahbubnagar,239883,149637,389520,8,389520,0.13463059401739402,0.13463059401739402,0.75,0.19616753461565464,342,2,Segment_2
Uttar Pradesh,Hapur,102115,246786,348901,9,348901,0.12058375693324613,0.12058375693324613,0.875,0.19602538123992153,343,2,Segment_2
Maharashtra,Palghar,238404,70233,308637,10,308637,0.10665968572627083,0.10665968572627083,1.0,0.19599371715364375,344,2,Segment_2
Assam,Karimganj,279167,27530,306697,10,306697,0.10598879614397566,0.10598879614397566,1.0,0.1953899165295781,345,2,Segment_2
Karnataka,Haveri,261060,85501,346561,9,346561,0.11977453960202414,0.11977453960202414,0.875,0.19529708564182174,346,2,Segment_2
Punjab,Mansa,83315,223023,306338,10,306338,0.10586464698931383,0.10586464698931383,1.0,0.19527818229038243,347,2,Segment_2
Chhattisgarh,Jashpur,433037,33416,466453,6,466453,0.1612355157878647,0.1612355157878647,0.5,0.19511196420907823,348,1,Segment_3
Tamil Nadu,Tiruchirappalli,336903,8792,345695,9,345695,0.11947506002559755,0.11947506002559755,0.875,0.19502755402303779,349,2,Segment_2
Tamil Nadu,Dharmapuri,359788,25083,384871,8,384871,0.13302287975549187,0.13302287975549187,0.75,0.1947205917799427,350,2,Segment_2
Jharkhand,Dhanbad,349900,32673,382573,8,382573,0.1322281868379072,0.1322281868379072,0.75,0.1940053681541165,351,2,Segment_2
Uttar Pradesh,Pilibhit,160287,220378,380665,8,380665,0.1315683634755262,0.1315683634755262,0.75,0.19341152712797358,352,2,Segment_2
Karnataka,Bijapur,202111,177079,379190,8,379190,0.1310582799013585,0.1310582799013585,0.75,0.19295245191122265,353,2,Segment_2
Maharashtra,Nandurbar,304305,73966,378271,8,378271,0.1307404718981991,0.1307404718981991,0.75,0.1926664247083792,354,2,Segment_2
Gujarat,JUNAGADH,165769,211414,377183,8,377183,0.1303642204211181,0.1303642204211181,0.75,0.1923277983790063,355,2,Segment_2
Haryana,SONIPAT,111458,224980,336438,9,336438,0.11627381009605824,0.11627381009605824,0.875,0.1921464290864524,356,2,Segment_2
Jharkhand,Saraikela Kharsawan,305172,30753,335925,9,335925,0.11609640475805957,0.11609640475805957,0.875,0.19198676428225364,357,2,Segment_2
Uttar Pradesh,Shravasti,160042,174379,334421,9,334421,0.11557629242209468,0.11557629242209468,0.875,0.1915186631798852,358,2,Segment_2
Tamil Nadu,Thiruvallur,282138,51239,333377,9,333377,0.11521525699739563,0.11521525699739563,0.875,0.19119373129765607,359,2,Segment_2
Madhya Pradesh,NARSINGHPUR,254904,116684,371588,8,371588,0.12842936103300398,0.12842936103300398,0.75,0.1905864249297036,360,2,Segment_2
Tamil Nadu,Namakkal,267796,63328,331124,9,331124,0.11443612595156523,0.11443612595156523,0.875,0.1904925133564087,361,2,Segment_2
Gujarat,DEVBHUMI DWARKA,126026,284636,410662,7,410662,0.14194190718692196,0.14194190718692196,0.625,0.19024771646822977,362,1,Segment_3
Chhattisgarh,Kondagaon,339576,29604,369180,8,369180,0.12759662798446442,0.12759662798446442,0.75,0.18983696518601798,363,2,Segment_2
Chhattisgarh,Mahasamund,305152,23237,328389,9,328389,0.11349030996827798,0.11349030996827798,0.875,0.18964127897145017,364,2,Segment_2
Assam,DHUBRI,356057,12427,368484,8,368484,0.12735593770133172,0.12735593770133172,0.75,0.18962034393119856,365,2,Segment_2
Gujarat,GIR SOMNATH,212526,193958,406484,7,406484,0.14049707384938115,0.14049707384938115,0.625,0.18894736646444305,366,1,Segment_3
Chhattisgarh,Korba,353801,52664,406465,7,406465,0.14049050328130713,0.14049050328130713,0.625,0.1889414529531764,367,1,Segment_3
Jammu And Kashmir,Udhampur,205243,79925,285168,10,285168,0.09854365087736103,0.09854365087736103,1.0,0.18868928578962493,368,2,Segment_2
Chhattisgarh,Kanker,343329,21558,364887,8,364887,0.12611202541910715,0.12611202541910715,0.75,0.18850082287719644,369,2,Segment_2
Tamil Nadu,Dindigul,297004,27061,324065,9,324065,0.11199498700237889,0.11199498700237889,0.875,0.188295488302141,370,2,Segment_2
Tamil Nadu,Pudukkottai,360299,3522,363821,8,363821,0.12574338196821713,0.12574338196821713,0.75,0.18816904377139543,371,2,Segment_2
Chhattisgarh,Raigarh,379028,24334,403362,7,403362,0.1394174257690072,0.1394174257690072,0.625,0.18797568319210647,372,1,Segment_3
Himachal Pradesh,Sirmaur,245697,36838,282535,10,282535,0.09763310847005013,0.09763310847005013,1.0,0.18786979762304512,373,2,Segment_2
Assam,Sibsagar,266031,14829,280860,10,280860,0.09705386102141901,0.09705386102141901,1.0,0.1873484749192771,374,2,Segment_2
Punjab,Hoshiarpur,151907,169082,320989,9,320989,0.11093124661313152,0.11093124661313152,0.875,0.18733812195181837,375,2,Segment_2
Assam,Morigaon,355479,4317,359796,8,359796,0.12435145899464083,0.12435145899464083,0.75,0.18691631309517676,376,2,Segment_2
Uttarakhand,Udham Singh Nagar,166349,152911,319260,9,319260,0.11033332491839527,0.11033332491839527,0.875,0.18679999242655576,377,2,Segment_2
Chhattisgarh,Kabirdham (Kawardha),358678,40090,398768,7,398768,0.1378287315725825,0.1378287315725825,0.625,0.18654585841532423,378,1,Segment_3
Karnataka,Raichur,245374,112420,357794,8,357794,0.12365912861126202,0.12365912861126202,0.75,0.18629321575013583,379,2,Segment_2
Punjab,Fazilka,155016,161979,316995,9,316995,0.10955004404009706,0.10955004404009706,0.875,0.18609503963608737,380,2,Segment_2
Jammu And Kashmir,Kathua,208886,67456,276342,10,276342,0.09549144909729039,0.09549144909729039,1.0,0.18594230418756136,381,2,Segment_2
Chhattisgarh,Surguja,364306,70181,434487,6,434487,0.1501810537323766,0.1501810537323766,0.5,0.18516294835913893,382,1,Segment_3
Assam,Dibrugarh,340624,12533,353157,8,353157,0.12205556418182767,0.12205556418182767,0.75,0.1848500077636449,383,2,Segment_2
Tamil Nadu,Tirunelveli,298106,14560,312666,9,312666,0.10805299197733638,0.10805299197733638,0.875,0.18474769277960273,384,2,Segment_2
Bihar,Khagaria,297675,94059,391734,7,391734,0.13539623810770407,0.13539623810770407,0.625,0.18435661429693367,385,1,Segment_3
Gujarat,AMRELI,207241,178787,386028,7,386028,0.13342299276926275,0.13342299276926275,0.625,0.18258069349233647,386,1,Segment_3
Maharashtra,Gondia,292627,92527,385154,7,385154,0.1331207466378576,0.1331207466378576,0.625,0.18230867197407186,387,1,Segment_3
Telangana,SURYAPET,95148,289759,384907,7,384907,0.1330353292528953,0.1330353292528953,0.625,0.18223179632760578,388,1,Segment_3
Tamil Nadu,Coimbatore,259917,3170,263087,10,263087,0.09090761331722737,0.09090761331722737,1.0,0.18181685198550462,389,2,Segment_2
Assam,Goalpara,333621,8531,342152,8,342152,0.11824982198947809,0.11824982198947809,0.75,0.18142483979053028,390,2,Segment_2
Punjab,Firozepur,91179,170646,261825,10,261825,0.0904711892693632,0.0904711892693632,1.0,0.18142407034242689,391,2,Segment_2
Madhya Pradesh,UMARIA,330607,51632,382239,7,382239,0.13211268316755329,0.13211268316755329,0.625,0.18140141485079797,392,1,Segment_3
Odisha,Puri,367150,13524,380674,7,380674,0.13157147584987705,0.13157147584987705,0.625,0.18091432826488935,393,1,Segment_3
Punjab,Jalandhar,150699,187876,338575,8,338575,0.11701282609469986,0.11701282609469986,0.75,0.18031154348522987,394,2,Segment_2
Madhya Pradesh,SHAJAPUR,163296,213622,376918,7,376918,0.13027257828745406,0.13027257828745406,0.625,0.17974532045870867,395,1,Segment_3
Uttarakhand,Nainital,176506,77759,254265,10,254265,0.087856794814646,0.087856794814646,1.0,0.17907111533318143,396,2,Segment_2
Gujarat,VALSAD,309310,63855,373165,7,373165,0.128974718183148,0.128974718183148,0.625,0.17857724636483321,397,1,Segment_3
Karnataka,Yadgir,233336,57438,290774,9,290774,0.10048231427857064,0.10048231427857064,0.875,0.17793408285071358,398,2,Segment_2
Uttar Pradesh,Maharajganj,69102,180630,249732,10,249732,0.08628919559993263,0.08628919559993263,1.0,0.17766027603993936,399,2,Segment_2
Haryana,PALWAL,49684,199491,249175,10,249175,0.08609657420955201,0.08609657420955201,1.0,0.17748691678859682,400,2,Segment_2
Uttar Pradesh,Sant Ravidas Nagar,212465,156603,369068,7,369068,0.1275578962147649,0.1275578962147649,0.625,0.1773021065932884,401,1,Segment_3
Himachal Pradesh,Chamba,261939,24794,286733,9,286733,0.09908485819503728,0.09908485819503728,0.875,0.17667637237553355,402,2,Segment_2
Uttarakhand,Pauri Garhwal,256311,30076,286387,9,286387,0.09896520469221556,0.09896520469221556,0.875,0.17656868422299402,403,2,Segment_2
Chhattisgarh,Balod,336482,30225,366707,7,366707,0.12674141667672426,0.12674141667672426,0.625,0.1765672750090518,404,1,Segment_3
Assam,BAKSA,364106,813,364919,7,364919,0.1261230916390213,0.1261230916390213,0.625,0.17601078247511917,405,1,Segment_3
Gujarat,TAPI,224128,180659,404787,6,404787,0.13991021837455905,0.13991021837455905,0.5,0.17591919653710314,406,1,Segment_3
Haryana,JHAJJAR,62574,180459,243033,10,243033,0.08397255162478044,0.08397255162478044,1.0,0.1755752964623024,407,2,Segment_2
Maharashtra,Wardha,275880,46649,322529,8,322529,0.11146380844649983,0.11146380844649983,0.75,0.17531742760184987,408,2,Segment_2
Tamil Nadu,Tiruppur,294107,27129,321236,8,321236,0.11101666399809385,0.11101666399809385,0.75,0.17491499759828447,409,2,Segment_2
Madhya Pradesh,AGAR MALWA,159108,161642,320750,8,320750,0.11084859578314774,0.11084859578314774,0.75,0.174763736204833,410,2,Segment_2
Haryana,PANIPAT,74761,165167,239928,10,239928,0.08289878247373587,0.08289878247373587,1.0,0.1746089042263623,411,2,Segment_2
Uttar Pradesh,Siddharth Nagar,97064,182952,280016,9,280016,0.09676198947118339,0.09676198947118339,0.875,0.17458579052406506,412,2,Segment_2
Maharashtra,Bhandara,213036,106861,319897,8,319897,0.11055361185856126,0.11055361185856126,0.75,0.17449825067270514,413,2,Segment_2
Haryana,MAHENDRAGARH,51113,187207,238320,10,238320,0.08234270492305,0.08234270492305,1.0,0.174108434430745,414,2,Segment_2
Haryana,ROHTAK,64075,174156,238231,10,238231,0.08231192699891378,0.08231192699891378,1.0,0.1740807342990224,415,2,Segment_2
Punjab,Moga,109048,168012,277060,9,277060,0.09573974740661406,0.09573974740661406,0.875,0.17366577266595268,416,2,Segment_2
Maharashtra,Ratnagiri,235060,41112,276172,9,276172,0.0954326598039965,0.0954326598039965,0.875,0.17338939382359686,417,2,Segment_2
Madhya Pradesh,BHOPAL,124565,111371,235936,10,235936,0.08151827153944606,0.08151827153944606,1.0,0.17336644438550147,418,2,Segment_2
Haryana,YAMUNANAGAR,107277,126138,233415,10,233415,0.08064646090183467,0.08064646090183467,1.0,0.1725818148116512,419,2,Segment_2
Jharkhand,Sahebganj,263183,46545,309728,8,309728,0.10703697466146876,0.10703697466146876,0.75,0.1713332771953219,420,2,Segment_2
Odisha,Dhenkanal,376196,13729,389925,6,389925,0.13477065086318246,0.13477065086318246,0.5,0.1712935857768642,421,1,Segment_3
Punjab,Muktsar,113102,116110,229212,10,229212,0.07919298207998594,0.07919298207998594,1.0,0.17127368387198735,422,2,Segment_2
Maharashtra,Hingoli,232203,74125,306328,8,306328,0.10586118879559066,0.10586118879559066,0.75,0.17027506991603159,423,2,Segment_2
Jharkhand,Latehar,347936,38088,386024,6,386024,0.13342160949177348,0.13342160949177348,0.5,0.1700794485425961,424,1,Segment_3
Gujarat,JAMNAGAR,139176,162333,301509,8,301509,0.1041946852403946,0.1041946852403946,0.75,0.16877521671635515,425,2,Segment_2
Karnataka,Chamarajanagar,249361,9918,259279,9,259279,0.08959073314744388,0.08959073314744388,0.875,0.1681316598326995,426,2,Segment_2
Karnataka,Bidar,173634,125510,299144,8,299144,0.10337682242486468,0.10337682242486468,0.75,0.1680391401823782,427,2,Segment_2
Assam,BONGAIGAON,256952,1240,258192,9,258192,0.08921482748973521,0.08921482748973521,0.875,0.16779334474076169,428,2,Segment_2
Jammu And Kashmir,Rajauri,107789,148583,256372,9,256372,0.0885854362321181,0.0885854362321181,0.875,0.1672268926089063,429,2,Segment_2
Telangana,NAGARKURNOOL,223475,111755,335230,7,335230,0.11585606029429919,0.11585606029429919,0.625,0.16677045426486928,430,1,Segment_3
Karnataka,Koppal,231413,63467,294880,8,294880,0.1019022486213046,0.1019022486213046,0.75,0.16671202375917415,431,2,Segment_2
Chhattisgarh,Sukma,389067,25202,414269,5,414269,0.14318927766286968,0.14318927766286968,0.375,0.1663703498965827,432,1,Segment_3
Gujarat,NAVSARI,231544,61865,293409,8,293409,0.10139354832462617,0.10139354832462617,0.75,0.16625419349216358,433,2,Segment_2
Telangana,VIKARABAD,172506,80401,252907,9,252907,0.08738717210703939,0.08738717210703939,0.875,0.16614845489633545,434,2,Segment_2
Odisha,Anugul,364263,6321,370584,6,370584,0.12808215838319761,0.12808215838319761,0.5,0.16527394254487787,435,1,Segment_3
Punjab,Barnala,64601,144699,209300,10,209300,0.07230702673840804,0.07230702673840804,1.0,0.16507632406456724,436,2,Segment_2
Uttarakhand,Dehradun,194043,52185,246228,9,246228,0.08507744451933355,0.08507744451933355,0.875,0.1640697000674002,437,2,Segment_2
Punjab,Rupnagar,72844,132718,205562,10,205562,0.07101435392468676,0.07101435392468676,1.0,0.16391291853221807,438,2,Segment_2
Telangana,MANCHERIAL,179757,105798,285555,8,285555,0.09867748297444774,0.09867748297444774,0.75,0.163809734677003,439,2,Segment_2
Haryana,REWARI,44310,160423,204733,10,204733,0.0707276696650359,0.0707276696650359,1.0,0.1636549026985323,440,2,Segment_2
Gujarat,BHARUCH,122344,162523,284867,8,284867,0.09843955924629359,0.09843955924629359,0.75,0.16359560332166423,441,2,Segment_2
Haryana,MEWAT,29810,174347,204157,10,204157,0.07052847770658124,0.07052847770658124,1.0,0.16347562993592313,442,2,Segment_2
Karnataka,Chikmagalur,290007,34362,324369,7,324369,0.11210011609156328,0.11210011609156328,0.625,0.16339010448240696,443,1,Segment_3
Maharashtra,Akola,233271,49797,283068,8,283068,0.09781743019549514,0.09781743019549514,0.75,0.16303568717594563,444,2,Segment_2
Haryana,KURUKSHETRA,101938,139058,240996,9,240996,0.08326811756337053,0.08326811756337053,0.875,0.16244130580703348,445,2,Segment_2
Uttar Pradesh,Mahoba,138969,137867,276836,8,276836,0.09566228386721504,0.09566228386721504,0.75,0.16109605548049355,446,2,Segment_2
Gujarat,MORBI,141984,174976,316960,7,316960,0.10953794036206596,0.10953794036206596,0.625,0.16108414632585938,447,1,Segment_3
Telangana,KUMURAM BHEEM ASIFABAD,264451,49445,313896,7,313896,0.1084783498052864,0.1084783498052864,0.625,0.16013051482475774,448,1,Segment_3
Jharkhand,Khunti,279817,32918,312735,7,312735,0.10807685351402625,0.10807685351402625,0.625,0.15976916816262363,449,1,Segment_3
Haryana,CHARKI DADRI,38412,152521,190933,10,190933,0.06595536232706005,0.06595536232706005,1.0,0.15935982609435406,450,2,Segment_2
Telangana,MAHABUBABAD,181554,129628,311182,7,311182,0.10753979602881782,0.10753979602881782,0.625,0.15928581642593603,451,1,Segment_3
Telangana,Nizamabad,101252,206898,308150,7,308150,0.1064912716919524,0.1064912716919524,0.625,0.15834214452275716,452,1,Segment_3
Odisha,Malkangiri,300811,6400,307211,7,307211,0.10616654730134666,0.10616654730134666,0.625,0.158049892571212,453,1,Segment_3
Karnataka,Ramanagara,287502,19644,307146,7,307146,0.10614406904214604,0.10614406904214604,0.625,0.15802966213793143,454,1,Segment_3
Uttarakhand,Almora,149080,77444,226524,9,226524,0.0782634196071976,0.0782634196071976,0.875,0.15793707764647785,455,2,Segment_2
Tamil Nadu,Madurai,262725,3873,266598,8,266598,0.09212178513343267,0.09212178513343267,0.75,0.1579096066200894,456,2,Segment_2
Himachal Pradesh,Shimla,220176,5603,225779,9,225779,0.07800578417482137,0.07800578417482137,0.875,0.15770520575733926,457,2,Segment_2
Odisha,Kalahandi,284533,21432,305965,7,305965,0.10573565636343955,0.10573565636343955,0.625,0.15766209072709558,458,1,Segment_3
Telangana,SIDDIPET,126615,177912,304527,7,304527,0.10523836810604759,0.10523836810604759,0.625,0.15721453129544283,459,1,Segment_3
Telangana,YADADRI BHUVANAGIRI,104965,158048,263013,8,263013,0.0908820226836759,0.0908820226836759,0.75,0.15679382041530832,460,2,Segment_2
Punjab,Fatehgarh Sahib,68655,113268,181923,10,181923,0.06283952978248307,0.06283952978248307,1.0,0.15655557680423476,461,2,Segment_2
Maharashtra,Washim,168091,53826,221917,9,221917,0.07667022975893277,0.07667022975893277,0.875,0.1565032067830395,462,2,Segment_2
Telangana,Nirmal,179045,121193,300238,7,300238,0.10375514881817959,0.10375514881817959,0.625,0.15587963393636162,463,1,Segment_3
Assam,Hojai,298794,1221,300015,7,300015,0.10367803109815286,0.10367803109815286,0.625,0.15581022798833757,464,1,Segment_3
Tamil Nadu,Nagapattinam,251634,7093,258727,8,258727,0.08939984085392486,0.08939984085392486,0.75,0.15545985676853238,465,2,Segment_2
Bihar,Jehanabad,91151,125475,216626,9,216626,0.07484049946000304,0.07484049946000304,0.875,0.15485644951400274,466,2,Segment_2
Odisha,Kendrapara,322484,14561,337045,6,337045,0.11648372245505471,0.11648372245505471,0.5,0.15483535020954925,467,1,Segment_3
Haryana,GURUGRAM,63916,112204,176120,10,176120,0.060832739964926996,0.060832739964926996,1.0,0.1547494659684343,468,2,Segment_2
West Bengal,PASCHIM BARDHAMAN,273637,22682,296319,7,296319,0.1023998826980689,0.1023998826980689,0.625,0.154659894428262,469,1,Segment_3
Chhattisgarh,Bastar,285561,50383,335944,6,335944,0.1161029753261336,0.1161029753261336,0.5,0.15449267779352022,470,1,Segment_3
Telangana,KAMAREDDY,112157,181068,293225,7,293225,0.10132991756011983,0.10132991756011983,0.625,0.15369692580410785,471,1,Segment_3
Odisha,Balangir,312205,20760,332965,6,332965,0.11507277941600098,0.11507277941600098,0.5,0.1535655014744009,472,1,Segment_3
Karnataka,Dakshin Kannad,250569,1832,252401,8,252401,0.08721218750464695,0.08721218750464695,0.75,0.15349096875418228,473,2,Segment_2
West Bengal,Darjeeling,203881,6992,210873,9,210873,0.07285100061106282,0.07285100061106282,0.875,0.15306590054995656,474,2,Segment_2
Haryana,AMBALA,71160,137620,208780,9,208780,0.07212720066480316,0.07212720066480316,0.875,0.15241448059832285,475,2,Segment_2
Tamil Nadu,Sivaganga,246623,885,247508,8,247508,0.08552009331589942,0.08552009331589942,0.75,0.1519680839843095,476,2,Segment_2
Jammu And Kashmir,Reasi,98707,67365,166072,10,166072,0.05735794691188487,0.05735794691188487,1.0,0.1516221522206964,477,2,Segment_2
Odisha,Nabarangpur,338681,27882,366563,5,366563,0.1266916186871106,0.1266916186871106,0.375,0.15152245681839954,478,1,Segment_3
Odisha,Khordha,276331,9636,285967,7,285967,0.09881996055584238,0.09881996055584238,0.625,0.15143796450025815,479,1,Segment_3
Karnataka,Bengaluru Urban,153861,11168,165029,10,165029,0.05699725730655815,0.05699725730655815,1.0,0.15129753157590234,480,2,Segment_2
Bihar,Munger,202078,43189,245267,8,245267,0.08474511210253682,0.08474511210253682,0.75,0.15127060089228314,481,2,Segment_2
Punjab,Faridkot,70472,93343,163815,10,163815,0.0565774325885652,0.0565774325885652,1.0,0.15091968932970867,482,2,Segment_2
Himachal Pradesh,Solan,130736,70674,201410,9,201410,0.0695785118908262,0.0695785118908262,0.875,0.15012066070174357,483,2,Segment_2
Chhattisgarh,Gariyaband,253669,27031,280700,7,280700,0.09699852992184828,0.09699852992184828,0.625,0.14979867692966345,484,1,Segment_3
Maharashtra,Raigad,176906,62225,239131,8,239131,0.08262316443399915,0.08262316443399915,0.75,0.14936084799059923,485,2,Segment_2
Telangana,Medak,89355,189505,278860,7,278860,0.09636222227678483,0.09636222227678483,0.625,0.14922600004910636,486,1,Segment_3
Punjab,S.A.S Nagar,41699,116311,158010,10,158010,0.054569951132264496,0.054569951132264496,1.0,0.14911295601903807,487,2,Segment_2
Haryana,FARIDABAD,42988,114100,157088,10,157088,0.054251105670988134,0.054251105670988134,1.0,0.14882599510388933,488,2,Segment_2
Bihar,Lakhisarai,139570,56853,196423,9,196423,0.06785391068108088,0.06785391068108088,0.875,0.1485685196129728,489,2,Segment_2
Karnataka,Dharwad,172219,61245,233464,8,233464,0.0806634060510782,0.0806634060510782,0.75,0.1475970654459704,490,2,Segment_2
Madhya Pradesh,BURHANPUR,137834,54672,192506,9,192506,0.06649933619971483,0.06649933619971483,0.875,0.14734940257974335,491,2,Segment_2
West Bengal,Howrah,226388,5724,232112,8,232112,0.0801958582597055,0.0801958582597055,0.75,0.14717627243373496,492,2,Segment_2
Tamil Nadu,Karur,165036,26845,191881,9,191881,0.06628319909201665,0.06628319909201665,0.875,0.147154879182815,493,2,Segment_2
Uttar Pradesh,Sant Kabeer Nagar,84008,144691,228699,8,228699,0.07901557674198727,0.07901557674198727,0.75,0.14611401906778854,494,2,Segment_2
Bihar,Sheikhpura,83361,56508,139869,10,139869,0.04829644189906016,0.04829644189906016,1.0,0.14346679770915416,495,2,Segment_2
Assam,Karbi Anglong,255056,3884,258940,7,258940,0.0894735003802284,0.0894735003802284,0.625,0.14302615034220556,496,1,Segment_3
Kerala,Palakkad,166952,9743,176695,9,176695,0.06103158610400932,0.06103158610400932,0.875,0.1424284274936084,497,2,Segment_2
Punjab,Kapurthala,72682,103096,175778,9,175778,0.06071446973959455,0.06071446973959455,0.875,0.14214302276563512,498,2,Segment_2
Assam,Nalbari,250211,5814,256025,7,256025,0.08846543690992408,0.08846543690992408,0.625,0.14211889321893167,499,1,Segment_3
Gujarat,NARMADA,177550,76314,253864,7,253864,0.08771812124634684,0.08771812124634684,0.625,0.14144630912171216,500,1,Segment_3
Chhattisgarh,Dhamtari,254795,39107,293902,6,293902,0.1015640372751785,0.1015640372751785,0.5,0.14140763354766064,501,1,Segment_3
Himachal Pradesh,Una,60367,113042,173409,9,173409,0.05989522364657537,0.05989522364657537,0.875,0.14140570128191782,502,2,Segment_2
Telangana,JAYASHANKAR BHUPALAPALLY,168849,123890,292739,6,292739,0.10116184934517372,0.10116184934517372,0.5,0.14104566441065636,503,1,Segment_3
Maharashtra,Thane,79522,92521,172043,9,172043,0.05942283438399022,0.05942283438399022,0.875,0.1409805509455912,504,2,Segment_2
Gujarat,BOTAD,175347,75116,250463,7,250463,0.08654198956109642,0.08654198956109642,0.625,0.14038779060498677,505,1,Segment_3
Assam,Chirang,207668,1745,209413,8,209413,0.07234610432747987,0.07234610432747987,0.75,0.14011149389473188,506,2,Segment_2
Uttarakhand,Tehri Garhwal,86362,79394,165756,9,165756,0.05724866799023268,0.05724866799023268,0.875,0.1390238011912094,507,2,Segment_2
Madhya Pradesh,HARDA,159487,83911,243398,7,243398,0.08409877569567618,0.08409877569567618,0.625,0.13818889812610857,508,1,Segment_3
Karnataka,Chikballapur,213815,26397,240212,7,240212,0.08299699517547393,0.08299699517547393,0.625,0.13719729565792654,509,1,Segment_3
Uttarakhand,Pithoragarh,162869,37056,199925,8,199925,0.06906497012293532,0.06906497012293532,0.75,0.1371584731106418,510,2,Segment_2
Himachal Pradesh,Hamirpur,19789,97246,117035,10,117035,0.04040000235157173,0.04040000235157173,1.0,0.13636000211641455,511,2,Segment_2
Himachal Pradesh,Kullu,155109,1301,156410,9,156410,0.05401664013655715,0.05401664013655715,0.875,0.13611497612290144,512,2,Segment_2
Karnataka,Kolar,209642,26520,236162,7,236162,0.08159642671758972,0.08159642671758972,0.625,0.13593678404583076,513,1,Segment_3
Karnataka,Gadag,136311,55798,192109,8,192109,0.06636204590890495,0.06636204590890495,0.75,0.13472584131801446,514,2,Segment_2
Assam,Hailakandi,132228,19215,151443,9,151443,0.05229895531425816,0.05229895531425816,0.875,0.13456905978283235,515,2,Segment_2
Jammu And Kashmir,Anantnag,188611,2514,191125,8,191125,0.06602175964654493,0.06602175964654493,0.75,0.13441958368189044,516,2,Segment_2
Odisha,Kandhamal,261008,48739,309747,5,309747,0.10704354522954279,0.10704354522954279,0.375,0.1338391907065885,517,1,Segment_3
Karnataka,Bangalore Rural,170722,16924,187646,8,187646,0.06481865405025378,0.06481865405025378,0.75,0.1333367886452284,518,2,Segment_2
Telangana,PEDDAPALLI,55946,90633,146579,9,146579,0.05061688988730784,0.05061688988730784,0.875,0.13305520089857706,519,2,Segment_2
Punjab,Pathankot,76709,29343,106052,10,106052,0.036601868185413125,0.036601868185413125,1.0,0.13294168136687182,520,2,Segment_2
Jammu And Kashmir,Kupwara,182998,2251,185249,8,185249,0.0639897250148097,0.0639897250148097,0.75,0.13259075251332875,521,2,Segment_2
Himachal Pradesh,Bilaspur,44776,99514,144290,9,144290,0.04982530934407402,0.04982530934407402,0.875,0.13234277840966663,522,2,Segment_2
Jammu And Kashmir,Doda,165672,18083,183755,8,183755,0.06347307087256798,0.06347307087256798,0.75,0.13212576378531118,523,2,Segment_2
Uttarakhand,chamoli,145625,37922,183547,8,183547,0.06340114044312602,0.06340114044312602,0.75,0.13206102639881342,524,2,Segment_2
Jammu And Kashmir,Samba,70292,30369,100661,10,100661,0.034737555949251694,0.034737555949251694,1.0,0.13126380035432653,525,2,Segment_2
Odisha,Jagatsinghapur,209978,10761,220739,7,220739,0.07626285453834324,0.07626285453834324,0.625,0.1311365690845089,526,1,Segment_3
Chhattisgarh,Mungeli,263370,36900,300270,5,300270,0.10376621503809373,0.10376621503809373,0.375,0.13088959353428437,527,1,Segment_3
Telangana,Karimnagar,82412,95344,177756,8,177756,0.061398500458037755,0.061398500458037755,0.75,0.130258650412234,528,2,Segment_2
Karnataka,Udupi,254776,2408,257184,6,257184,0.08886624156243958,0.08886624156243958,0.5,0.12997961740619562,529,1,Segment_3
Odisha,Rayagada,247259,48268,295527,5,295527,0.10212599375519377,0.10212599375519377,0.375,0.1294133943796744,530,1,Segment_3
Tamil Nadu,Virudhunagar,206593,6200,212793,7,212793,0.07351497380591164,0.07351497380591164,0.625,0.12866347642532047,531,1,Segment_3
Kerala,Thrissur,111932,20520,132452,9,132452,0.04573149961458431,0.04573149961458431,0.875,0.1286583496531259,532,2,Segment_2
Uttarakhand,Uttarkashi,105479,25945,131424,9,131424,0.04537599729984234,0.04537599729984234,0.875,0.1283383975698581,533,2,Segment_2
Odisha,Bargarh,244755,4825,249580,6,249580,0.08623663105534043,0.08623663105534043,0.5,0.1276129679498064,534,1,Segment_3
Haryana,PANCHKULA,32381,56028,88409,10,88409,0.030500576999622712,0.030500576999622712,1.0,0.12745051929966045,535,2,Segment_2
Jammu And Kashmir,Poonch,53654,114672,168326,8,168326,0.058137423777087596,0.058137423777087596,0.75,0.12732368139937883,536,2,Segment_2
Chhattisgarh,Bijapur,272442,14721,287163,5,287163,0.09923356052513363,0.09923356052513363,0.375,0.12681020447262026,537,1,Segment_3
Chhattisgarh,Dantewada,187630,17570,205200,7,205200,0.07088916731190797,0.07088916731190797,0.625,0.12630025058071717,538,1,Segment_3
Jharkhand,Koderma,183651,20496,204147,7,204147,0.07052501951285808,0.07052501951285808,0.625,0.1259725175615723,539,1,Segment_3
Tamil Nadu,Tuticorin,117605,4760,122365,9,122365,0.04224321960602182,0.04224321960602182,0.875,0.12551889764541965,540,2,Segment_2
Assam,Kamrup (M),120252,953,121205,9,121205,0.04184206913413399,0.04184206913413399,0.875,0.12515786222072062,541,2,Segment_2
Tamil Nadu,Thiruvarur,200248,1212,201460,7,201460,0.06959580285944206,0.06959580285944206,0.625,0.12513622257349785,542,1,Segment_3
Jammu And Kashmir,Baramulla,157725,2542,160267,8,160267,0.05535046545558417,0.05535046545558417,0.75,0.12481541891002576,543,2,Segment_2
Telangana,JANGOAN,106628,129656,236284,6,236284,0.0816386166810124,0.0816386166810124,0.5,0.12347475501291115,544,1,Segment_3
Jammu And Kashmir,Ramban,136425,19239,155664,8,155664,0.0537586588848086,0.0537586588848086,0.75,0.12338279299632775,545,2,Segment_2
Jharkhand,Ramgarh,119968,29161,149129,8,149129,0.051498729286716415,0.051498729286716415,0.75,0.12134885635804478,546,2,Segment_2
Uttarakhand,Bageshwar,76181,31432,107613,9,107613,0.037141692225600105,0.037141692225600105,0.875,0.1209275230030401,547,2,Segment_2
Telangana,WANAPARTHY,75089,72531,147620,8,147620,0.05097688785388993,0.05097688785388993,0.75,0.12087919906850095,548,2,Segment_2
Jammu And Kashmir,Badgam,145153,730,145883,8,145883,0.050376199604175144,0.050376199604175144,0.75,0.12033857964375763,549,2,Segment_2
Uttarakhand,Rudraprayag,74237,31115,105352,9,105352,0.036359794624791164,0.036359794624791164,0.875,0.12022381516231205,550,2,Segment_2
Kerala,Thiruvananthapuram,98822,5041,103863,9,103863,0.03584486957941102,0.03584486957941102,0.875,0.11976038262146993,551,2,Segment_2
Meghalaya,West Garo Hills,223021,937,223958,6,223958,0.07737604709783195,0.07737604709783195,0.5,0.11963844238804876,552,1,Segment_3
Odisha,Sambalpur,247795,5898,253693,5,253693,0.08765898613368063,0.08765898613368063,0.375,0.11639308752031256,553,1,Segment_3
Telangana,Jagitial,47405,124248,171653,7,171653,0.05928796482878655,0.05928796482878655,0.625,0.1158591683459079,554,1,Segment_3
Telangana,Warangal Rural,91917,119476,211393,6,211393,0.07303082668466772,0.07303082668466772,0.5,0.11572774401620095,555,1,Segment_3
Odisha,Nuapada,155571,12659,168230,7,168230,0.05810422511734516,0.05810422511734516,0.625,0.11479380260561063,556,1,Segment_3
Gujarat,PORBANDAR,64465,143534,207999,6,207999,0.07185711573502351,0.07185711573502351,0.5,0.11467140416152116,557,1,Segment_3
Kerala,Kottayam,81074,6163,87237,9,87237,0.03009527669526708,0.03009527669526708,0.875,0.11458574902574038,558,2,Segment_2
Tripura,Sepahijala,125849,233,126082,8,126082,0.04352863021292444,0.04352863021292444,0.75,0.114175767191632,559,2,Segment_2
Tamil Nadu,Ariyalur,161093,1831,162924,7,162924,0.05626930752783067,0.05626930752783067,0.625,0.1131423767750476,560,1,Segment_3
Telangana,Hyderabad,15635,23327,38962,10,38962,0.013400846496659556,0.013400846496659556,1.0,0.11206076184699361,561,2,Segment_2
Kerala,Kollam,110542,8658,119200,8,119200,0.04114870129263823,0.04114870129263823,0.75,0.11203383116337441,562,2,Segment_2
Bihar,Arwal,70386,88085,158471,7,158471,0.05472937386290267,0.05472937386290267,0.625,0.1117564364766124,563,1,Segment_3
Kerala,Ernakulam,108061,10029,118090,8,118090,0.040764841789366256,0.040764841789366256,0.75,0.11168835761042964,564,2,Segment_2
Tamil Nadu,Theni,110275,1423,111698,8,111698,0.038554364361515416,0.038554364361515416,0.75,0.10969892792536388,565,2,Segment_2
Punjab,Nawanshahr (Sbs Nagar),62678,87661,150339,7,150339,0.051917170727220095,0.051917170727220095,0.625,0.10922545365449808,566,1,Segment_3
Maharashtra,Mumbai,3226,24388,27614,10,27614,0.00947648825960522,0.00947648825960522,1.0,0.1085288394336447,567,2,Segment_2
Assam,South Salmara,141918,4548,146466,7,146466,0.050577812298236005,0.050577812298236005,0.625,0.1080200310684124,568,1,Segment_3
Telangana,WARANGAL URBAN,38125,67141,105266,8,105266,0.03633005415877189,0.03633005415877189,0.75,0.10769704874289471,569,2,Segment_2
Bihar,Sheohar,40976,61812,102788,8,102788,0.035473113754170144,0.035473113754170144,0.75,0.10692580237875314,570,2,Segment_2
Kerala,Malappuram,87035,15077,102112,8,102112,0.03523933985848379,0.03523933985848379,0.75,0.10671540587263542,571,2,Segment_2
Odisha,Nayagarh,210092,12363,222455,5,222455,0.07685628058123936,0.07685628058123936,0.375,0.10667065252311543,572,1,Segment_3
Tripura,Gomati,101284,668,101952,8,101952,0.03518400875891306,0.03518400875891306,0.75,0.10666560788302176,573,2,Segment_2
Jammu And Kashmir,Kishtwar,93729,8216,101945,8,101945,0.03518158802330684,0.03518158802330684,0.75,0.10666342922097617,574,2,Segment_2
Uttarakhand,Champawat,79686,18599,98285,8,98285,0.03391588912062629,0.03391588912062629,0.75,0.10552430020856367,575,2,Segment_2
Jammu And Kashmir,Pulwama,97234,794,98028,8,98028,0.033827013541940794,0.033827013541940794,0.75,0.10544431218774672,576,2,Segment_2
Assam,Dima Hasao,22576,34068,56644,9,56644,0.019515624637970345,0.019515624637970345,0.875,0.10506406217417331,577,2,Segment_2
Telangana,JOGULAMBA GADWAL,75463,58240,133703,7,133703,0.046164119649352985,0.046164119649352985,0.625,0.10404770768441768,578,1,Segment_3
Tamil Nadu,Perambalur,132472,1028,133500,7,133500,0.04609391831677262,0.04609391831677262,0.625,0.10398452648509536,579,1,Segment_3
Odisha,Gajapati,167664,5454,173118,6,173118,0.05979459020923109,0.05979459020923109,0.5,0.10381513118830799,580,1,Segment_3
Assam,Majuli,123762,6245,130007,7,130007,0.04488597124926902,0.04488597124926902,0.625,0.10289737412434212,581,1,Segment_3
Tamil Nadu,Ramanathapuram,88466,493,88959,8,88959,0.030690777654397112,0.030690777654397112,0.75,0.10262169988895742,582,2,Segment_2
Chhattisgarh,Narayanpur,192146,16677,208823,5,208823,0.07214207089781279,0.07214207089781279,0.375,0.10242786380803151,583,1,Segment_3
Kerala,Wayanad,79753,4353,84106,8,84106,0.029012516240542272,0.029012516240542272,0.75,0.10111126461648806,584,2,Segment_2
Jharkhand,Lohardaga,145722,16765,162487,6,162487,0.05611818446212811,0.05611818446212811,0.5,0.1005063660159153,585,1,Segment_3
Tripura,North Tripura,77278,1136,78414,8,78414,0.027044112373313396,0.027044112373313396,0.75,0.09933970113598206,586,2,Segment_2
Jammu And Kashmir,Bandipora,76888,794,77682,8,77682,0.026790972592777285,0.026790972592777285,0.75,0.09911187533349956,587,2,Segment_2
Telangana,RAJANNA SIRCILLA,43818,73422,117240,7,117240,0.04047089532289673,0.04047089532289673,0.625,0.09892380579060706,588,1,Segment_3
Maharashtra,Sindhudurg,105920,51334,157254,6,157254,0.05430851168679277,0.05430851168679277,0.5,0.0988776605181135,589,1,Segment_3
Kerala,Kasaragod,73968,1506,75474,8,75474,0.02602740341870115,0.02602740341870115,0.75,0.09842466307683105,590,2,Segment_2
Odisha,Sonepur,112333,2570,114903,7,114903,0.03966271544979169,0.03966271544979169,0.625,0.09819644390481252,591,1,Segment_3
Tamil Nadu,Chennai,25588,7789,33377,9,33377,0.01146944530226861,0.01146944530226861,0.875,0.09782250077204176,592,2,Segment_2
Tamil Nadu,Kanniyakumari,70371,1409,71780,8,71780,0.02474994665736182,0.02474994665736182,0.75,0.09727495199162564,593,2,Segment_2
Jammu And Kashmir,Kulgam,110416,1504,111920,7,111920,0.03863113626216981,0.03863113626216981,0.625,0.09726802263595283,594,1,Segment_3
Tamil Nadu,The Nilgiris,26095,2494,28589,9,28589,0.009813662147614382,0.009813662147614382,0.875,0.09633229593285295,595,2,Segment_2
Kerala,Pathanamthitta,61157,3260,64417,8,64417,0.022203678618991085,0.022203678618991085,0.75,0.09498331075709199,596,2,Segment_2
Kerala,Idukki,97395,5067,102462,7,102462,0.03536037663879477,0.03536037663879477,0.625,0.0943243389749153,597,1,Segment_3
Jammu And Kashmir,Ganderbal,61627,311,61938,8,61938,0.02134639239501702,0.02134639239501702,0.75,0.09421175315551533,598,2,Segment_2
Kerala,Kozhikode,94248,3915,98163,7,98163,0.033873699157203604,0.033873699157203604,0.625,0.09298632924148324,599,1,Segment_3
Kerala,Kannur,91687,2446,94133,7,94133,0.03248004708676573,0.03248004708676573,0.625,0.09173204237808916,600,1,Segment_3
Puducherry,Pondicherry,52570,439,53009,8,53009,0.018258571219597723,0.018258571219597723,0.75,0.09143271409763797,601,2,Segment_2
Assam,West Karbi Anglong,119599,8827,128426,6,128426,0.044339230821635704,0.044339230821635704,0.5,0.08990530773947214,602,1,Segment_3
Telangana,MEDCHAL MALKAJGIRI,27068,59895,86963,7,86963,0.030000522187252198,0.030000522187252198,0.625,0.08950046996852698,603,1,Segment_3
Tripura,South Tripura,125692,178,125870,6,125870,0.04345531650599322,0.04345531650599322,0.5,0.08910978485539389,604,1,Segment_3
Kerala,Alappuzha,79370,5726,85096,7,85096,0.029354877419136192,0.029354877419136192,0.625,0.08891938967722257,605,1,Segment_3
Meghalaya,West Khasi Hills,78453,3779,82232,7,82232,0.028364450736820045,0.028364450736820045,0.625,0.08802800566313804,606,1,Segment_3
Manipur,Imphal East,40644,481,41125,8,41125,0.014148853798981422,0.014148853798981422,0.75,0.08773396841908329,607,2,Segment_2
Karnataka,Kodagu,71684,5236,76920,7,76920,0.026527458231071662,0.026527458231071662,0.625,0.08637471240796449,608,1,Segment_3
Jammu And Kashmir,Shopian,69552,2445,71997,7,71997,0.02482498946115463,0.02482498946115463,0.625,0.08484249051503917,609,1,Segment_3
Arunachal Pradesh,Lohit,66448,1466,67914,7,67914,0.02341300896398395,0.02341300896398395,0.625,0.08357170806758556,610,1,Segment_3
Tripura,Unakoti,61690,3608,65298,7,65298,0.022508345486002442,0.022508345486002442,0.625,0.08275751093740219,611,1,Segment_3
Meghalaya,South West Garo Hills,99024,1187,100211,6,100211,0.034581937231709006,0.034581937231709006,0.5,0.0811237435085381,612,1,Segment_3
Puducherry,Karaikal,18355,462,18817,8,18817,0.006434315241331778,0.006434315241331778,0.75,0.08079088371719861,613,2,Segment_2
Meghalaya,Ri Bhoi,54562,4259,58821,7,58821,0.02026847341150465,0.02026847341150465,0.625,0.08074162607035418,614,1,Segment_3
Nagaland,Peren,9018,9008,18026,8,18026,0.006160772117828959,0.006160772117828959,0.75,0.08054469490604607,615,2,Segment_2
Gujarat,DANG,74901,23235,98136,6,98136,0.033864362034151045,0.033864362034151045,0.5,0.08047792583073594,616,1,Segment_3
Odisha,Boudh,129631,6730,136361,5,136361,0.047083307540971814,0.047083307540971814,0.375,0.07987497678687464,617,1,Segment_3
Tripura,Dhalai,90679,958,91637,6,91637,0.03161688193346227,0.03161688193346227,0.5,0.07845519374011604,618,1,Segment_3
Odisha,Deogarh,128338,1571,129909,5,129909,0.04485208095078195,0.04485208095078195,0.375,0.07786687285570376,619,1,Segment_3
Assam,Soraideu,88609,916,89525,6,89525,0.030886511419128584,0.030886511419128584,0.5,0.07779786027721572,620,1,Segment_3
Jammu And Kashmir,Kargil,48362,0,48362,7,48362,0.016651548596440205,0.016651548596440205,0.625,0.07748639373679618,621,1,Segment_3
Sikkim,East District,46864,87,46951,7,46951,0.01616359746210079,0.01616359746210079,0.625,0.07704723771589071,622,1,Segment_3
Manipur,Senapati,31828,12490,44318,7,44318,0.015253055054789891,0.015253055054789891,0.625,0.0762277495493109,623,1,Segment_3
Mizoram,SERCHHIP,2878,173,3051,8,3051,0.0009821270173805358,0.0009821270173805358,0.75,0.0758839143156425,624,2,Segment_2
Manipur,Bishnupur,40228,926,41154,7,41154,0.014158882560778617,0.014158882560778617,0.625,0.07524299430470076,625,1,Segment_3
Goa,North Goa,26956,12589,39545,7,39545,0.01360245919072042,0.01360245919072042,0.625,0.07474221327164837,626,1,Segment_3
Meghalaya,East Khasi Hills,77909,779,78688,6,78688,0.02713886688132828,0.02713886688132828,0.5,0.07442498019319546,627,1,Segment_3
Jammu And Kashmir,Leh Ladakh,35839,0,35839,7,35839,0.012320852596913285,0.012320852596913285,0.625,0.07358876733722196,628,1,Segment_3
Meghalaya,South West Khasi Hills,32732,1920,34652,7,34652,0.011910365001972898,0.011910365001972898,0.625,0.07321932850177561,629,1,Segment_3
Meghalaya,South Garo Hills,74686,3,74689,6,74689,0.025755935211432237,0.025755935211432237,0.5,0.07318034169028902,630,1,Segment_3
Manipur,Churachandpur,23480,7259,30739,7,30739,0.010557173798096125,0.010557173798096125,0.625,0.07200145641828651,631,1,Segment_3
Arunachal Pradesh,Changlang,26569,849,27418,7,27418,0.009408707662631069,0.009408707662631069,0.625,0.07096783689636796,632,1,Segment_3
Manipur,Imphal West,26517,569,27086,7,27086,0.009293895631021796,0.009293895631021796,0.625,0.07086450606791961,633,1,Segment_3
Manipur,Thoubal,25982,492,26474,7,26474,0.009082254175163736,0.009082254175163736,0.625,0.07067402875764736,634,1,Segment_3
Nagaland,Dimapur,20255,3735,23990,7,23990,0.008223238854328085,0.008223238854328085,0.625,0.06990091496889528,635,1,Segment_3
Himachal Pradesh,Kinnaur,22495,0,22495,7,22495,0.007706238892714035,0.007706238892714035,0.625,0.06943561500344263,636,1,Segment_3
Arunachal Pradesh,Tawang,17362,2,17364,7,17364,0.0059318396933550465,0.0059318396933550465,0.625,0.06783865572401954,637,1,Segment_3
Odisha,Jharsuguda,95638,1524,97162,5,97162,0.033527533965514195,0.033527533965514195,0.375,0.06767478056896278,638,1,Segment_3
Manipur,Chandel,14843,1591,16434,7,16434,0.005610227677100153,0.005610227677100153,0.625,0.06754920490939013,639,1,Segment_3
Arunachal Pradesh,West Kameng,15215,11,15226,7,15226,0.005192477875341108,0.005192477875341108,0.625,0.067173230087807,640,1,Segment_3
Manipur,Tamenglong,10140,3273,13413,7,13413,0.0045655073533302235,0.0045655073533302235,0.625,0.0666089566179972,641,1,Segment_3
Himachal Pradesh,Lahul And Spiti,11678,0,11678,7,11678,0.003965510742360072,0.003965510742360072,0.625,0.06606895966812407,642,1,Segment_3
Mizoram,CHAMPHAI,8884,789,9673,7,9673,0.0032721429008643063,0.0032721429008643063,0.625,0.06544492861077787,643,1,Segment_3
Tripura,West Tripura,89499,263,89762,5,89762,0.030968470610367733,0.030968470610367733,0.375,0.06537162354933096,644,1,Segment_3
West Bengal,KALIMPONG,48915,129,49044,6,49044,0.016887397408360462,0.016887397408360462,0.5,0.06519865766752442,645,1,Segment_3
Goa,South Goa,33291,14618,47909,6,47909,0.016494892420780564,0.016494892420780564,0.5,0.06484540317870251,646,1,Segment_3
Mizoram,KOLASIB,6663,530,7193,7,7193,0.002414510857517923,0.002414510857517923,0.625,0.06467305977176613,647,1,Segment_3
Sikkim,West District,42639,857,43496,6,43496,0.014968791530745243,0.014968791530745243,0.5,0.06347191237767072,648,1,Segment_3
Arunachal Pradesh,Lower Subansiri,38175,76,38251,6,38251,0.013154968922942106,0.013154968922942106,0.5,0.0618394720306479,649,1,Segment_3
Jammu And Kashmir,Srinagar,37395,131,37526,6,37526,0.012904249878012215,0.012904249878012215,0.5,0.061613824890211,650,1,Segment_3
Meghalaya,North Garo Hills,72675,20,72695,5,72695,0.025066371383031957,0.025066371383031957,0.375,0.06005973424472877,651,1,Segment_3
Tripura,Khowai,67060,87,67147,5,67147,0.02314776550541674,0.02314776550541674,0.375,0.05833298895487507,652,1,Segment_3
Chandigarh,Chandigarh,13440,12177,25617,6,25617,0.00878588697308799,0.00878588697308799,0.5,0.057907298275779194,653,1,Segment_3
Arunachal Pradesh,East Kameng,24749,64,24813,6,24813,0.00850784819774505,0.00850784819774505,0.5,0.057657063377970545,654,1,Segment_3
Manipur,Ukhrul,10810,9149,19959,6,19959,0.006829240964517895,0.006829240964517895,0.5,0.05614631686806611,655,1,Segment_3
Meghalaya,West Jaintia Hills,57622,1706,59328,5,59328,0.020443803833269415,0.020443803833269415,0.375,0.055899423449942476,656,1,Segment_3
Sikkim,North District,11918,49,11967,6,11967,0.004065452540959711,0.004065452540959711,0.5,0.05365890728686374,657,1,Segment_3
Arunachal Pradesh,West Siang,11568,0,11568,6,11568,0.003927470611405192,0.003927470611405192,0.5,0.05353472355026467,658,1,Segment_3
Mizoram,AIZAWL,10435,58,10493,6,10493,0.0035557147861643205,0.0035557147861643205,0.5,0.05320014330754789,659,1,Segment_3
Nagaland,Kohima,7849,320,8169,6,8169,0.002752030564899403,0.002752030564899403,0.5,0.052476827508409464,660,1,Segment_3
Sikkim,South District,46589,151,46740,5,46740,0.016090629574541885,0.016090629574541885,0.375,0.0519815666170877,661,1,Segment_3
Mizoram,LAWNGTLAI,5785,126,5911,6,5911,0.0019711704222074135,0.0019711704222074135,0.5,0.051774053379986675,662,1,Segment_3
Mizoram,MAMIT,2813,11,2824,6,2824,0.0009036260198645563,0.0009036260198645563,0.5,0.050813263417878105,663,1,Segment_3
West Bengal,Kolkata,1003,459,1462,6,1462,0.0004326200347686797,0.0004326200347686797,0.5,0.05038935803129181,664,1,Segment_3
Dadra And Nagar Haveli,Dadra And Nagar Haveli,39736,997,40733,5,40733,0.014013292605033123,0.014013292605033123,0.375,0.05011196334452982,665,1,Segment_3
Arunachal Pradesh,East Siang,35946,272,36218,5,36218,0.012451918139021462,0.012451918139021462,0.375,0.04870672632511932,666,1,Segment_3
Arunachal Pradesh,Papum Pare,28890,1631,30521,5,30521,0.010481785174930999,0.010481785174930999,0.375,0.046933606657437905,667,1,Segment_3
Andaman And Nicobar Islands,South Andamans,18716,1034,19750,5,19750,0.006756964715703623,0.006756964715703623,0.375,0.04358126824413327,668,1,Segment_3
Andaman And Nicobar Islands,North And Middle Andaman,15718,2617,18335,5,18335,0.0062676303038749406,0.0062676303038749406,0.375,0.043140867273487454,669,1,Segment_3
Meghalaya,East Jaintia Hills,55614,1124,56738,4,56738,0.01954813165896815,0.01954813165896815,0.25,0.04259331849307134,670,1,Segment_3
Arunachal Pradesh,Upper Subansiri,15813,580,16393,5,16393,0.005596049082835152,0.005596049082835152,0.375,0.042536444174551644,671,1,Segment_3
Nagaland,Mon,9782,1050,10832,5,10832,0.003672947553379814,0.003672947553379814,0.375,0.04080565279804184,672,1,Segment_3
Nagaland,Zunheboto,9996,9,10005,5,10005,0.0033869549324735803,0.0033869549324735803,0.375,0.04054825943922623,673,1,Segment_3
Mizoram,LUNGLEI,5663,25,5688,5,5688,0.001894052702180702,0.001894052702180702,0.375,0.039204647431962635,674,1,Segment_3
Nagaland,Phek,2764,1333,4097,5,4097,0.001343854080824212,0.001343854080824212,0.375,0.0387094686727418,675,1,Segment_3
Mizoram,SIAHA,2580,397,2977,5,2977,0.0009565363838290711,0.0009565363838290711,0.375,0.03836088274544617,676,1,Segment_3
Nagaland,Wokha,2299,57,2356,5,2356,0.0007417825536201583,0.0007417825536201583,0.375,0.03816760429825815,677,1,Segment_3
Puducherry,Yanam,763,1494,2257,5,2257,0.0007075464357607663,0.0007075464357607663,0.375,0.038136791792184696,678,1,Segment_3
Nagaland,Mokokchung,2081,73,2154,5,2154,0.0006719270404121061,0.0006719270404121061,0.375,0.0381047343363709,679,1,Segment_3
Daman And Diu,Daman,841,374,1215,5,1215,0.0003472026498063585,0.0003472026498063585,0.375,0.03781248238482573,680,1,Segment_3
Meghalaya,East Garo Hills,77272,0,77272,3,77272,0.02664918665012728,0.02664918665012728,0.125,0.036484267985114546,681,1,Segment_3
Arunachal Pradesh,Lower Dibang Valley,14524,1367,15891,4,15891,0.005422447757931973,0.005422447757931973,0.25,0.029880202982138778,682,1,Segment_3
Arunachal Pradesh,Kra Daadi,9503,0,9503,4,9503,0.003213353607570401,0.003213353607570401,0.25,0.027892018246813362,683,1,Segment_3
Arunachal Pradesh,NAMSAI,8344,61,8405,4,8405,0.002833643936766236,0.002833643936766236,0.25,0.027550279543089612,684,1,Segment_3
Arunachal Pradesh,Upper Siang,7220,0,7220,4,7220,0.0024238479805704844,0.0024238479805704844,0.25,0.027181463182513438,685,1,Segment_3
Nagaland,Tuensang,4578,46,4624,4,4624,0.0015261008900353183,0.0015261008900353183,0.25,0.02637349080103179,686,1,Segment_3
Arunachal Pradesh,Tirap,2143,0,2143,4,2143,0.000668123027316618,0.000668123027316618,0.25,0.025601310724584957,687,1,Segment_3
Andaman And Nicobar Islands,Nicobars,2004,49,2053,4,2053,0.00063699928380808,0.00063699928380808,0.25,0.02557329935542727,688,1,Segment_3
Arunachal Pradesh,Kurung Kumey,1637,0,1637,4,1637,0.0004931384249241705,0.0004931384249241705,0.25,0.025443824582431756,689,1,Segment_3
Nagaland,Kiphire,1430,23,1453,4,1453,0.0004295076604178259,0.0004295076604178259,0.25,0.025386556894376043,690,1,Segment_3
Arunachal Pradesh,Dibang Valley,211,0,211,4,211,0.0,0.0,0.25,0.025,691,1,Segment_3
Arunachal Pradesh,SIANG,10742,0,10742,3,10742,0.0036418238098712757,0.0036418238098712757,0.125,0.01577764142888415,692,1,Segment_3
Nagaland,Longleng,8244,0,8244,3,8244,0.002777967017823185,0.002777967017823185,0.125,0.015000170316040867,693,1,Segment_3
Arunachal Pradesh,Longding,2802,0,2802,3,2802,0.0008960179936735804,0.0008960179936735804,0.125,0.013306416194306224,694,1,Segment_3
Lakshadweep,Lakshadweep District,2493,16,2509,3,2509,0.000794692917584673,0.000794692917584673,0.125,0.013215223625826207,695,1,Segment_3
Arunachal Pradesh,Anjaw,1360,0,1360,3,1360,0.0003973464587923365,0.0003973464587923365,0.125,0.012857611812913103,696,1,Segment_3
Daman And Diu,Diu,999,0,999,3,999,0.000272505665385867,0.000272505665385867,0.125,0.012745255098847282,697,1,Segment_3
Puducherry,Mahe,296,0,296,2,296,2.9394646646952656e-05,2.9394646646952656e-05,0.0,2.645518198225739e-05,698,1,Segment_3
